time,phase,ball,x,y,z,guided,bonusCount,fairReceived,scored
1.01667,right-open,-2172,0.220000,0.819000,-0.052000,0,0,0,0
1.02500,right-open,-2172,0.220000,0.816652,-0.052000,0,0,0,0
1.03333,right-open,-2172,0.220000,0.813624,-0.052000,0,0,0,0
1.04167,right-open,-2172,0.220000,0.809915,-0.052000,0,0,0,0
1.05000,right-open,-2172,0.220000,0.805525,-0.052000,0,0,0,0
1.05833,right-open,-2172,0.220000,0.800454,-0.052000,0,0,0,0
1.06667,right-open,-2172,0.220000,0.794703,-0.052000,0,0,0,0
1.07500,right-open,-2172,0.220000,0.788271,-0.052000,0,0,0,0
1.08333,right-open,-2172,0.220000,0.781159,-0.052000,0,0,0,0
1.09167,right-open,-2172,0.220000,0.773367,-0.052000,0,0,0,0
1.10000,right-open,-2172,0.220000,0.764895,-0.052000,0,0,0,0
1.10833,right-open,-2172,0.220000,0.755742,-0.052000,0,0,0,0
1.11667,right-open,-2172,0.220000,0.754103,-0.052000,0,0,0,0
1.12500,right-open,-2172,0.214551,0.754675,-0.052000,0,0,0,0
1.13333,right-open,-2172,0.209102,0.754566,-0.052000,0,0,0,0
1.14167,right-open,-2172,0.203654,0.753776,-0.052000,0,0,0,0
1.15000,right-open,-2172,0.198207,0.752305,-0.052000,0,0,0,0
1.15833,right-open,-2172,0.192669,0.751967,-0.052000,0,0,0,0
1.16667,right-open,-2172,0.191200,0.751601,-0.052000,0,0,0,0
1.17500,right-open,-2172,0.193408,0.749544,-0.052000,0,0,0,0
1.18333,right-open,-2172,0.192811,0.748871,-0.052000,0,0,0,0
1.19167,right-open,-2172,0.192203,0.747517,-0.052000,0,0,0,0
1.20000,right-open,-2172,0.191594,0.745482,-0.052000,0,0,0,0
1.20833,right-open,-2172,0.191279,0.742788,-0.052000,0,0,0,0
1.21667,right-open,-2172,0.191216,0.739432,-0.052000,0,0,0,0
1.22500,right-open,-2172,0.191203,0.735399,-0.052000,0,0,0,0
1.23333,right-open,-2172,0.191201,0.730686,-0.052000,0,0,0,0
1.24167,right-open,-2172,0.191200,0.725293,-0.052000,0,0,0,0
1.25000,right-open,-2172,0.191200,0.719220,-0.052000,0,0,0,0
1.25833,right-open,-2172,0.191200,0.712466,-0.052000,0,0,0,0
1.26667,right-open,-2172,0.191369,0.705048,-0.052000,0,0,0,0
1.27500,right-open,-2172,0.191538,0.696950,-0.052000,0,0,0,0
1.28333,right-open,-2172,0.191707,0.688172,-0.052000,0,0,0,0
1.29167,right-open,-2172,0.191876,0.678713,-0.052000,0,0,0,0
1.30000,right-open,-2172,0.192045,0.668575,-0.052000,0,0,0,0
1.30833,right-open,-2172,0.192214,0.657757,-0.052000,0,0,0,0
1.31667,right-open,-2172,0.192383,0.646259,-0.052000,0,0,0,0
1.32500,right-open,-2172,0.192551,0.634081,-0.052000,0,0,0,0
1.33333,right-open,-2172,0.192720,0.621224,-0.052000,0,0,0,0
1.34167,right-open,-2172,0.192889,0.607687,-0.052000,0,0,0,0
1.35000,right-open,-2172,0.193058,0.593471,-0.052000,0,0,0,0
1.35833,right-open,-2172,0.193227,0.578575,-0.052000,0,0,0,0
1.36667,right-open,-2172,0.193395,0.563000,-0.052000,0,0,0,0
1.37500,right-open,-2172,0.193564,0.546746,-0.052000,0,0,0,0
1.38333,right-open,-2172,0.193733,0.529813,-0.052000,0,0,0,0
1.39167,right-open,-2172,0.193902,0.512200,-0.052000,0,0,0,0
1.40000,right-open,-2172,0.194070,0.493909,-0.052000,0,0,0,0
1.40833,right-open,-2172,0.194239,0.474939,-0.052000,0,0,0,0
1.41667,right-open,-2172,0.194407,0.455289,-0.052000,0,0,0,0
1.42500,right-open,-2172,0.194576,0.434962,-0.052000,0,0,0,0
1.43333,right-open,-2172,0.194745,0.413955,-0.052000,0,0,0,0
1.44167,right-open,-2172,0.194913,0.392270,-0.052000,0,0,0,0
1.45000,right-open,-2172,0.195082,0.369907,-0.052000,0,0,0,0
1.45833,right-open,-2172,0.195250,0.346865,-0.052000,0,0,0,0
5.45000,right-closed,-2430,0.220000,0.819000,-0.052000,0,0,0,0
5.45833,right-closed,-2430,0.220000,0.816652,-0.052000,0,0,0,0
5.46667,right-closed,-2430,0.220000,0.813624,-0.052000,0,0,0,0
5.47500,right-closed,-2430,0.220000,0.809915,-0.052000,0,0,0,0
5.48333,right-closed,-2430,0.220000,0.805525,-0.052000,0,0,0,0
5.49167,right-closed,-2430,0.220000,0.800454,-0.052000,0,0,0,0
5.50000,right-closed,-2430,0.220000,0.794703,-0.052000,0,0,0,0
5.50833,right-closed,-2430,0.220000,0.788271,-0.052000,0,0,0,0
5.51667,right-closed,-2430,0.220000,0.781159,-0.052000,0,0,0,0
5.52500,right-closed,-2430,0.220000,0.773367,-0.052000,0,0,0,0
5.53333,right-closed,-2430,0.220000,0.764895,-0.052000,0,0,0,0
5.54167,right-closed,-2430,0.220000,0.755742,-0.052000,0,0,0,0
5.55000,right-closed,-2430,0.220000,0.754103,-0.052000,0,0,0,0
5.55833,right-closed,-2430,0.214551,0.754675,-0.052000,0,0,0,0
5.56667,right-closed,-2430,0.209102,0.754566,-0.052000,0,0,0,0
5.57500,right-closed,-2430,0.203654,0.753776,-0.052000,0,0,0,0
5.58333,right-closed,-2430,0.198207,0.752305,-0.052000,0,0,0,0
5.59167,right-closed,-2430,0.192669,0.751967,-0.052000,0,0,0,0
5.60000,right-closed,-2430,0.191200,0.751601,-0.052000,0,0,0,0
5.60833,right-closed,-2430,0.193408,0.749544,-0.052000,0,0,0,0
5.61667,right-closed,-2430,0.192811,0.748871,-0.052000,0,0,0,0
5.62500,right-closed,-2430,0.192203,0.747517,-0.052000,0,0,0,0
5.63333,right-closed,-2430,0.191594,0.745482,-0.052000,0,0,0,0
5.64167,right-closed,-2430,0.191279,0.742788,-0.052000,0,0,0,0
5.65000,right-closed,-2430,0.191216,0.739432,-0.052000,0,0,0,0
5.65833,right-closed,-2430,0.191203,0.735399,-0.052000,0,0,0,0
5.66667,right-closed,-2430,0.191201,0.730686,-0.052000,0,0,0,0
5.67500,right-closed,-2430,0.191200,0.725293,-0.052000,0,0,0,0
5.68333,right-closed,-2430,0.191200,0.719220,-0.052000,0,0,0,0
5.69167,right-closed,-2430,0.191200,0.712466,-0.052000,0,0,0,0
5.70000,right-closed,-2430,0.191369,0.705048,-0.052000,0,0,0,0
5.70833,right-closed,-2430,0.191538,0.696950,-0.052000,0,0,0,0
5.71667,right-closed,-2430,0.191707,0.688172,-0.052000,0,0,0,0
5.72500,right-closed,-2430,0.191876,0.678713,-0.052000,0,0,0,0
5.73333,right-closed,-2430,0.192045,0.668575,-0.052000,0,0,0,0
5.74167,right-closed,-2430,0.192214,0.657757,-0.052000,0,0,0,0
5.75000,right-closed,-2430,0.192383,0.646259,-0.052000,0,0,0,0
5.75833,right-closed,-2430,0.192551,0.634081,-0.052000,0,0,0,0
5.76667,right-closed,-2430,0.192720,0.621224,-0.052000,0,0,0,0
5.77500,right-closed,-2430,0.192889,0.607687,-0.052000,0,0,0,0
5.78333,right-closed,-2430,0.193058,0.593471,-0.052000,0,0,0,0
5.79167,right-closed,-2430,0.193227,0.578575,-0.052000,0,0,0,0
5.80000,right-closed,-2430,0.193395,0.563000,-0.052000,0,0,0,0
5.80833,right-closed,-2430,0.193564,0.546746,-0.052000,0,0,0,0
5.81667,right-closed,-2430,0.193733,0.529813,-0.052000,0,0,0,0
5.82500,right-closed,-2430,0.193902,0.512200,-0.052000,0,0,0,0
5.83333,right-closed,-2430,0.194070,0.493909,-0.052000,0,0,0,0
5.84167,right-closed,-2430,0.194239,0.474939,-0.052000,0,0,0,0
5.85000,right-closed,-2430,0.194407,0.455289,-0.052000,0,0,0,0
5.85833,right-closed,-2430,0.194576,0.434962,-0.052000,0,0,0,0
5.86667,right-closed,-2430,0.194745,0.413955,-0.052000,0,0,0,0
5.87500,right-closed,-2430,0.194913,0.392270,-0.052000,0,0,0,0
5.88333,right-closed,-2430,0.195009,0.379567,-0.052000,0,0,0,0
5.89167,right-closed,-2430,0.202027,0.386195,-0.052000,0,0,0,0
5.90000,right-closed,-2430,0.209044,0.392140,-0.052000,0,0,0,0
5.90833,right-closed,-2430,0.216061,0.397403,-0.052000,0,0,0,0
5.91667,right-closed,-2430,0.223076,0.401985,-0.052000,0,0,0,0
5.92500,right-closed,-2430,0.230091,0.405885,-0.052000,0,0,0,0
5.93333,right-closed,-2430,0.237105,0.409103,-0.052000,0,0,0,0
5.94167,right-closed,-2430,0.239800,0.410078,-0.052000,0,0,0,0
5.95000,right-closed,-2430,0.236995,0.411933,-0.052000,0,0,0,0
5.95833,right-closed,-2430,0.234191,0.413106,-0.052001,0,0,0,0
5.96667,right-closed,-2430,0.231387,0.413599,-0.052001,0,0,0,0
5.97500,right-closed,-2430,0.228583,0.413410,-0.052001,0,0,0,0
5.98333,right-closed,-2430,0.225779,0.412540,-0.052001,0,0,0,0
5.99167,right-closed,-2430,0.222976,0.410989,-0.052001,0,0,0,0
6.00000,right-closed,-2430,0.220174,0.408757,-0.052002,0,0,0,0
6.00833,right-closed,-2430,0.217371,0.405844,-0.052002,0,0,0,0
6.01667,right-closed,-2430,0.214569,0.402250,-0.052002,0,0,0,0
6.02500,right-closed,-2430,0.211768,0.397976,-0.052002,0,0,0,0
6.03333,right-closed,-2430,0.208966,0.393021,-0.052003,0,0,0,0
6.04167,right-closed,-2430,0.206165,0.387385,-0.052003,0,0,0,0
6.05000,right-closed,-2430,0.203365,0.381069,-0.052003,0,0,0,0
6.05833,right-closed,-2430,0.202108,0.377928,-0.052003,0,0,0,0
6.06667,right-closed,-2430,0.201653,0.380409,-0.052003,0,0,0,0
6.07500,right-closed,-2430,0.201198,0.382208,-0.052004,0,0,0,0
6.08333,right-closed,-2430,0.200743,0.383326,-0.052004,0,0,0,0
6.09167,right-closed,-2430,0.200289,0.383763,-0.052004,0,0,0,0
6.10000,right-closed,-2430,0.199834,0.383518,-0.052004,0,0,0,0
6.10833,right-closed,-2430,0.199379,0.382592,-0.052004,0,0,0,0
6.11667,right-closed,-2430,0.198925,0.380985,-0.052005,0,0,0,0
6.12500,right-closed,-2430,0.198470,0.378697,-0.052005,0,0,0,0
6.13333,right-closed,-2430,0.198427,0.378764,-0.052005,0,0,0,0
6.14167,right-closed,-2430,0.198476,0.378764,-0.052005,0,0,0,0
6.15000,right-closed,-2430,0.198630,0.378731,-0.052005,0,0,0,0
6.15833,right-closed,-2430,0.198889,0.378671,-0.052005,0,0,0,0
6.16667,right-closed,-2430,0.199257,0.378587,-0.052006,0,0,0,0
6.17500,right-closed,-2430,0.199731,0.378477,-0.052006,0,0,0,0
6.18333,right-closed,-2430,0.200312,0.378343,-0.052006,0,0,0,0
6.19167,right-closed,-2430,0.200999,0.378184,-0.052006,0,0,0,0
6.20000,right-closed,-2430,0.201793,0.378001,-0.052006,0,0,0,0
6.20833,right-closed,-2430,0.202693,0.377793,-0.052006,0,0,0,0
6.21667,right-closed,-2430,0.203700,0.377561,-0.052006,0,0,0,0
6.22500,right-closed,-2430,0.204813,0.377304,-0.052007,0,0,0,0
6.23333,right-closed,-2430,0.206033,0.377022,-0.052007,0,0,0,0
6.24167,right-closed,-2430,0.207360,0.376716,-0.052007,0,0,0,0
6.25000,right-closed,-2430,0.208793,0.376385,-0.052007,0,0,0,0
6.25833,right-closed,-2430,0.210332,0.376030,-0.052007,0,0,0,0
6.26667,right-closed,-2430,0.211978,0.375650,-0.052007,0,0,0,0
6.27500,right-closed,-2430,0.213730,0.375245,-0.052008,0,0,0,0
6.28333,right-closed,-2430,0.215589,0.374816,-0.052008,0,0,0,0
6.29167,right-closed,-2430,0.217554,0.374362,-0.052008,0,0,0,0
6.30000,right-closed,-2430,0.219625,0.373884,-0.052008,0,0,0,0
6.30833,right-closed,-2430,0.221803,0.373381,-0.052008,0,0,0,0
6.31667,right-closed,-2430,0.224087,0.372854,-0.052008,0,0,0,0
6.32500,right-closed,-2430,0.226463,0.372306,-0.052008,0,0,0,0
6.33333,right-closed,-2430,0.228940,0.371734,-0.052009,0,0,0,0
6.34167,right-closed,-2430,0.231516,0.371139,-0.052009,0,0,0,0
6.35000,right-closed,-2430,0.234194,0.370521,-0.052009,0,0,0,0
6.35833,right-closed,-2430,0.236966,0.369622,-0.052009,0,0,0,0
6.36667,right-closed,-2430,0.239737,0.368041,-0.052009,0,0,0,0
6.37500,right-closed,-2430,0.239788,0.365984,-0.052014,0,0,0,0
6.38333,right-closed,-2430,0.239798,0.363249,-0.052018,0,0,0,0
6.39167,right-closed,-2430,0.239800,0.359834,-0.052023,0,0,0,0
6.40000,right-closed,-2430,0.239800,0.355738,-0.052027,0,0,0,0
6.40833,right-closed,-2430,0.239800,0.350961,-0.052032,0,0,0,0
6.41667,right-closed,-2430,0.237445,0.346700,-0.052036,0,0,0,0
6.42500,right-closed,-2430,0.235238,0.341682,-0.052041,0,0,0,0
6.43333,right-closed,-2430,0.232874,0.336064,-0.052045,0,0,0,0
6.44167,right-closed,-2430,0.231831,0.333566,-0.052047,0,0,0,0
6.45000,right-closed,-2430,0.227991,0.334581,-0.052051,0,0,0,0
6.45833,right-closed,-2430,0.224152,0.334914,-0.052055,0,0,0,0
6.46667,right-closed,-2430,0.220312,0.334567,-0.052059,0,0,0,0
6.47500,right-closed,-2430,0.216474,0.333538,-0.052063,0,0,0,0
6.48333,right-closed,-2430,0.212636,0.331828,-0.052068,0,0,0,0
6.49167,right-closed,-2430,0.208798,0.329437,-0.052072,0,0,0,0
6.50000,right-closed,-2430,0.204695,0.326870,-0.052076,0,0,0,0
6.50833,right-closed,-2430,0.200593,0.323621,-0.052081,0,0,0,0
6.51667,right-closed,-2430,0.196492,0.319691,-0.052085,0,0,0,0
6.52500,right-closed,-2430,0.192392,0.315080,-0.052090,0,0,0,0
6.53333,right-closed,-2430,0.188292,0.309788,-0.052094,0,0,0,0
6.54167,right-closed,-2430,0.184192,0.303817,-0.052099,0,0,0,0
6.55000,right-closed,-2430,0.180093,0.297164,-0.052103,0,0,0,0
6.55833,right-closed,-2430,0.175995,0.289832,-0.052108,0,0,0,0
6.56667,right-closed,-2430,0.171897,0.281819,-0.052112,0,0,0,0
6.57500,right-closed,-2430,0.167799,0.273126,-0.052117,0,0,0,0
6.58333,right-closed,-2430,0.163702,0.263752,-0.052122,0,0,0,0
6.59167,right-closed,-2430,0.159606,0.253699,-0.052126,0,0,0,0
6.60000,right-closed,-2430,0.155510,0.242966,-0.052131,0,0,0,0
6.60833,right-closed,-2430,0.151415,0.231553,-0.052135,0,0,0,0
6.61667,right-closed,-2430,0.147320,0.219461,-0.052140,0,0,0,0
8.45000,fair-five-arrivals,-2456,-0.190000,0.557000,-0.052000,0,0,0,0
8.45833,fair-five-arrivals,-2456,-0.190000,0.554652,-0.052000,0,0,0,0
8.46667,fair-five-arrivals,-2456,-0.190000,0.551624,-0.052000,0,0,0,0
8.47500,fair-five-arrivals,-2456,-0.190000,0.547915,-0.052000,0,0,0,0
8.48333,fair-five-arrivals,-2456,-0.190000,0.543525,-0.052000,0,0,0,0
8.49167,fair-five-arrivals,-2456,-0.190000,0.538454,-0.052000,0,0,0,0
8.50000,fair-five-arrivals,-2456,-0.190000,0.532703,-0.052000,0,0,0,0
8.50833,fair-five-arrivals,-2456,-0.190000,0.526271,-0.052000,0,0,0,0
8.51667,fair-five-arrivals,-2456,-0.190000,0.519159,-0.052000,0,0,0,0
8.52500,fair-five-arrivals,-2456,-0.190000,0.511367,-0.052000,0,0,0,0
8.53333,fair-five-arrivals,-2456,-0.190000,0.502895,-0.052000,0,0,0,0
8.54167,fair-five-arrivals,-2456,-0.190000,0.493742,-0.052000,0,0,0,0
8.55000,fair-five-arrivals,-2456,-0.190000,0.483910,-0.052000,0,0,0,0
8.55833,fair-five-arrivals,-2456,-0.190000,0.473397,-0.052000,0,0,0,0
8.56667,fair-five-arrivals,-2456,-0.190000,0.462205,-0.052000,0,0,0,0
8.57500,fair-five-arrivals,-2456,-0.190000,0.450333,-0.052000,0,0,0,0
8.58333,fair-five-arrivals,-2456,-0.190000,0.437781,-0.052000,0,0,0,0
8.59167,fair-five-arrivals,-2456,-0.190000,0.424550,-0.052000,0,0,0,0
8.60000,fair-five-arrivals,-2456,-0.190000,0.410639,-0.052000,0,0,0,0
8.60833,fair-five-arrivals,-2456,-0.190000,0.396049,-0.052000,0,0,0,0
8.61667,fair-five-arrivals,-2456,-0.190000,0.380779,-0.052000,0,0,0,0
8.62500,fair-five-arrivals,-2456,-0.190000,0.364830,-0.052000,0,0,0,0
8.63333,fair-five-arrivals,-2456,-0.190000,0.348202,-0.052000,0,0,0,0
8.64167,fair-five-arrivals,-2456,-0.190000,0.330895,-0.052000,0,0,0,0
8.65000,fair-five-arrivals,-2456,-0.190000,0.312909,-0.052000,0,0,0,0
8.65833,fair-five-arrivals,-2456,-0.190000,0.294244,-0.052000,0,0,0,0
8.66667,fair-five-arrivals,-2456,-0.190000,0.274900,-0.052000,0,0,0,0
8.67500,fair-five-arrivals,-2456,-0.190000,0.254877,-0.052000,0,0,0,0
8.68333,fair-five-arrivals,-2456,-0.190000,0.234176,-0.052000,0,0,0,0
8.69167,fair-five-arrivals,-2456,-0.190000,0.215091,-0.052000,0,0,0,0
8.90833,fair-five-arrivals,-2470,-0.190000,0.557000,-0.052000,0,0,0,0
8.91667,fair-five-arrivals,-2470,-0.190000,0.554652,-0.052000,0,0,0,0
8.92500,fair-five-arrivals,-2470,-0.190000,0.551624,-0.052000,0,0,0,0
8.93333,fair-five-arrivals,-2470,-0.190000,0.547915,-0.052000,0,0,0,0
8.94167,fair-five-arrivals,-2470,-0.190000,0.543525,-0.052000,0,0,0,0
8.95000,fair-five-arrivals,-2470,-0.190000,0.538454,-0.052000,0,0,0,0
8.95833,fair-five-arrivals,-2470,-0.190000,0.532703,-0.052000,0,0,0,0
8.96667,fair-five-arrivals,-2470,-0.190000,0.526271,-0.052000,0,0,0,0
8.97500,fair-five-arrivals,-2470,-0.190000,0.519159,-0.052000,0,0,0,0
8.98333,fair-five-arrivals,-2470,-0.190000,0.511367,-0.052000,0,0,0,0
8.99167,fair-five-arrivals,-2470,-0.190000,0.502895,-0.052000,0,0,0,0
9.00000,fair-five-arrivals,-2470,-0.190000,0.493742,-0.052000,0,0,0,0
9.00833,fair-five-arrivals,-2470,-0.190000,0.483910,-0.052000,0,0,0,0
9.01667,fair-five-arrivals,-2470,-0.190000,0.473397,-0.052000,0,0,0,0
9.02500,fair-five-arrivals,-2470,-0.190000,0.462205,-0.052000,0,0,0,0
9.03333,fair-five-arrivals,-2470,-0.190000,0.450333,-0.052000,0,0,0,0
9.04167,fair-five-arrivals,-2470,-0.190000,0.437781,-0.052000,0,0,0,0
9.05000,fair-five-arrivals,-2470,-0.190000,0.424550,-0.052000,0,0,0,0
9.05833,fair-five-arrivals,-2470,-0.190000,0.410639,-0.052000,0,0,0,0
9.06667,fair-five-arrivals,-2470,-0.190000,0.396049,-0.052000,0,0,0,0
9.07500,fair-five-arrivals,-2470,-0.190000,0.380779,-0.052000,0,0,0,0
9.08333,fair-five-arrivals,-2470,-0.190000,0.364830,-0.052000,0,0,0,0
9.09167,fair-five-arrivals,-2470,-0.190000,0.348202,-0.052000,0,0,0,0
9.10000,fair-five-arrivals,-2470,-0.190000,0.330895,-0.052000,0,0,0,0
9.10833,fair-five-arrivals,-2470,-0.190000,0.312909,-0.052000,0,0,0,0
9.11667,fair-five-arrivals,-2470,-0.190000,0.294244,-0.052000,0,0,0,0
9.12500,fair-five-arrivals,-2470,-0.190000,0.274900,-0.052000,0,0,0,0
9.13333,fair-five-arrivals,-2470,-0.190000,0.254877,-0.052000,0,0,0,0
9.14167,fair-five-arrivals,-2470,-0.190000,0.234176,-0.052000,0,0,0,0
9.15000,fair-five-arrivals,-2470,-0.190000,0.215091,-0.052000,0,0,0,0
9.35833,fair-five-arrivals,-2484,-0.190000,0.557000,-0.052000,0,0,0,0
9.36667,fair-five-arrivals,-2484,-0.190000,0.554652,-0.052000,0,0,0,0
9.37500,fair-five-arrivals,-2484,-0.190000,0.551624,-0.052000,0,0,0,0
9.38333,fair-five-arrivals,-2484,-0.190000,0.547915,-0.052000,0,0,0,0
9.39167,fair-five-arrivals,-2484,-0.190000,0.543525,-0.052000,0,0,0,0
9.40000,fair-five-arrivals,-2484,-0.190000,0.538454,-0.052000,0,0,0,0
9.40833,fair-five-arrivals,-2484,-0.190000,0.532703,-0.052000,0,0,0,0
9.41667,fair-five-arrivals,-2484,-0.190000,0.526271,-0.052000,0,0,0,0
9.42500,fair-five-arrivals,-2484,-0.190000,0.519159,-0.052000,0,0,0,0
9.43333,fair-five-arrivals,-2484,-0.190000,0.511367,-0.052000,0,0,0,0
9.44167,fair-five-arrivals,-2484,-0.190000,0.502895,-0.052000,0,0,0,0
9.45000,fair-five-arrivals,-2484,-0.190000,0.493742,-0.052000,0,0,0,0
9.45833,fair-five-arrivals,-2484,-0.190000,0.483910,-0.052000,0,0,0,0
9.46667,fair-five-arrivals,-2484,-0.190000,0.473397,-0.052000,0,0,0,0
9.47500,fair-five-arrivals,-2484,-0.190000,0.462205,-0.052000,0,0,0,0
9.48333,fair-five-arrivals,-2484,-0.190000,0.450333,-0.052000,0,0,0,0
9.49167,fair-five-arrivals,-2484,-0.190000,0.437781,-0.052000,0,0,0,0
9.50000,fair-five-arrivals,-2484,-0.190000,0.424550,-0.052000,0,0,0,0
9.50833,fair-five-arrivals,-2484,-0.190000,0.410639,-0.052000,0,0,0,0
9.51667,fair-five-arrivals,-2484,-0.190000,0.396049,-0.052000,0,0,0,0
9.52500,fair-five-arrivals,-2484,-0.190000,0.380779,-0.052000,0,0,0,0
9.53333,fair-five-arrivals,-2484,-0.190000,0.364830,-0.052000,0,0,0,0
9.54167,fair-five-arrivals,-2484,-0.190000,0.348202,-0.052000,0,0,0,0
9.55000,fair-five-arrivals,-2484,-0.190000,0.330895,-0.052000,0,0,0,0
9.55833,fair-five-arrivals,-2484,-0.190000,0.312909,-0.052000,0,0,0,0
9.56667,fair-five-arrivals,-2484,-0.190000,0.294244,-0.052000,0,0,0,0
9.57500,fair-five-arrivals,-2484,-0.190000,0.274900,-0.052000,0,0,0,0
9.58333,fair-five-arrivals,-2484,-0.190000,0.254877,-0.052000,0,0,0,0
9.59167,fair-five-arrivals,-2484,-0.190000,0.234176,-0.052000,0,0,0,0
9.60000,fair-five-arrivals,-2484,-0.190000,0.215091,-0.052000,0,0,0,0
9.82500,fair-five-arrivals,-2498,-0.190000,0.557000,-0.052000,0,0,0,0
9.83333,fair-five-arrivals,-2498,-0.190000,0.554652,-0.052000,0,0,0,0
9.84167,fair-five-arrivals,-2498,-0.190000,0.551624,-0.052000,0,0,0,0
9.85000,fair-five-arrivals,-2498,-0.190000,0.547915,-0.052000,0,0,0,0
9.85833,fair-five-arrivals,-2498,-0.190000,0.543525,-0.052000,0,0,0,0
9.86667,fair-five-arrivals,-2498,-0.190000,0.538454,-0.052000,0,0,0,0
9.87500,fair-five-arrivals,-2498,-0.190000,0.532703,-0.052000,0,0,0,0
9.88333,fair-five-arrivals,-2498,-0.190000,0.526271,-0.052000,0,0,0,0
9.89167,fair-five-arrivals,-2498,-0.190000,0.519159,-0.052000,0,0,0,0
9.90000,fair-five-arrivals,-2498,-0.190000,0.511367,-0.052000,0,0,0,0
9.90833,fair-five-arrivals,-2498,-0.190000,0.502895,-0.052000,0,0,0,0
9.91667,fair-five-arrivals,-2498,-0.190000,0.493742,-0.052000,0,0,0,0
9.92500,fair-five-arrivals,-2498,-0.190000,0.483910,-0.052000,0,0,0,0
9.93333,fair-five-arrivals,-2498,-0.190000,0.473397,-0.052000,0,0,0,0
9.94167,fair-five-arrivals,-2498,-0.190000,0.462205,-0.052000,0,0,0,0
9.95000,fair-five-arrivals,-2498,-0.190000,0.450333,-0.052000,0,0,0,0
9.95833,fair-five-arrivals,-2498,-0.190000,0.437781,-0.052000,0,0,0,0
9.96667,fair-five-arrivals,-2498,-0.190000,0.424550,-0.052000,0,0,0,0
9.97500,fair-five-arrivals,-2498,-0.190000,0.410639,-0.052000,0,0,0,0
9.98333,fair-five-arrivals,-2498,-0.190000,0.396049,-0.052000,0,0,0,0
9.99167,fair-five-arrivals,-2498,-0.190000,0.380779,-0.052000,0,0,0,0
10.00000,fair-five-arrivals,-2498,-0.190000,0.364830,-0.052000,0,0,0,0
10.00833,fair-five-arrivals,-2498,-0.190000,0.348202,-0.052000,0,0,0,0
10.01667,fair-five-arrivals,-2498,-0.190000,0.330895,-0.052000,0,0,0,0
10.02500,fair-five-arrivals,-2498,-0.190000,0.312909,-0.052000,0,0,0,0
10.03333,fair-five-arrivals,-2498,-0.190000,0.294244,-0.052000,0,0,0,0
10.04167,fair-five-arrivals,-2498,-0.190000,0.274900,-0.052000,0,0,0,0
10.05000,fair-five-arrivals,-2498,-0.190000,0.254877,-0.052000,0,0,0,0
10.05833,fair-five-arrivals,-2498,-0.190000,0.234176,-0.052000,0,0,0,0
10.06667,fair-five-arrivals,-2498,-0.190000,0.215091,-0.052000,0,0,0,0
10.29167,fair-five-arrivals,-2512,-0.190000,0.557000,-0.052000,0,0,0,0
10.30000,fair-five-arrivals,-2512,-0.190000,0.554652,-0.052000,1,0,0,0
10.30833,fair-five-arrivals,-2512,-0.190000,0.553573,-0.052917,1,0,0,0
10.31667,fair-five-arrivals,-2512,-0.190000,0.552493,-0.053835,1,0,0,0
10.32500,fair-five-arrivals,-2512,-0.190000,0.551414,-0.054752,1,0,0,0
10.33333,fair-five-arrivals,-2512,-0.190000,0.550334,-0.055669,1,0,0,0
10.34167,fair-five-arrivals,-2512,-0.190000,0.549255,-0.056587,1,0,0,0
10.35000,fair-five-arrivals,-2512,-0.190000,0.548175,-0.057504,1,0,0,0
10.35833,fair-five-arrivals,-2512,-0.190000,0.547096,-0.058421,1,0,0,0
10.36667,fair-five-arrivals,-2512,-0.190000,0.546016,-0.059339,1,0,0,0
10.37500,fair-five-arrivals,-2512,-0.190000,0.544936,-0.060256,1,0,0,0
10.38333,fair-five-arrivals,-2512,-0.190000,0.543857,-0.061173,1,0,0,0
10.39167,fair-five-arrivals,-2512,-0.190000,0.542777,-0.062091,1,0,0,0
10.40000,fair-five-arrivals,-2512,-0.190000,0.541698,-0.063008,1,0,0,0
10.40833,fair-five-arrivals,-2512,-0.190000,0.540618,-0.063925,1,0,0,0
10.41667,fair-five-arrivals,-2512,-0.190000,0.539539,-0.064843,1,0,0,0
10.42500,fair-five-arrivals,-2512,-0.190000,0.538459,-0.065760,1,0,0,0
10.43333,fair-five-arrivals,-2512,-0.190000,0.537380,-0.066677,1,0,0,0
10.44167,fair-five-arrivals,-2512,-0.190000,0.536402,-0.067697,1,0,0,0
10.45000,fair-five-arrivals,-2512,-0.190000,0.535480,-0.068773,1,0,0,0
10.45833,fair-five-arrivals,-2512,-0.190000,0.534558,-0.069849,1,0,0,0
10.46667,fair-five-arrivals,-2512,-0.190000,0.533636,-0.070924,1,0,0,0
10.47500,fair-five-arrivals,-2512,-0.190000,0.532714,-0.072000,1,0,0,0
10.48333,fair-five-arrivals,-2512,-0.190000,0.531793,-0.073075,1,0,0,0
10.49167,fair-five-arrivals,-2512,-0.190000,0.530871,-0.074151,1,0,0,0
10.50000,fair-five-arrivals,-2512,-0.190000,0.529949,-0.075227,1,0,0,0
10.50833,fair-five-arrivals,-2512,-0.190000,0.529027,-0.076302,1,0,0,0
10.51667,fair-five-arrivals,-2512,-0.190000,0.528105,-0.077378,1,0,0,0
10.52500,fair-five-arrivals,-2512,-0.190000,0.527183,-0.078454,1,0,0,0
10.53333,fair-five-arrivals,-2512,-0.190000,0.526261,-0.079529,1,0,0,0
10.54167,fair-five-arrivals,-2512,-0.190000,0.525339,-0.080605,1,0,0,0
10.55000,fair-five-arrivals,-2512,-0.190000,0.524417,-0.081680,1,0,0,0
10.55833,fair-five-arrivals,-2512,-0.190000,0.523495,-0.082756,1,0,0,0
10.56667,fair-five-arrivals,-2512,-0.190000,0.522573,-0.083832,1,0,0,0
10.57500,fair-five-arrivals,-2512,-0.190000,0.521651,-0.084907,1,0,0,0
10.58333,fair-five-arrivals,-2512,-0.190000,0.520729,-0.085983,1,0,0,0
10.59167,fair-five-arrivals,-2512,-0.190000,0.519807,-0.087058,1,0,0,0
10.60000,fair-five-arrivals,-2512,-0.190000,0.518825,-0.088020,1,0,0,0
10.60833,fair-five-arrivals,-2512,-0.190000,0.517417,-0.088183,1,0,0,0
10.61667,fair-five-arrivals,-2512,-0.190000,0.516010,-0.088345,1,0,0,0
10.62500,fair-five-arrivals,-2512,-0.190000,0.514603,-0.088507,1,0,0,0
10.63333,fair-five-arrivals,-2512,-0.190000,0.513195,-0.088670,1,0,0,0
10.64167,fair-five-arrivals,-2512,-0.190000,0.511788,-0.088832,1,0,0,0
10.65000,fair-five-arrivals,-2512,-0.190000,0.510381,-0.088995,1,0,0,0
10.65833,fair-five-arrivals,-2512,-0.190000,0.508973,-0.089157,1,0,0,0
10.66667,fair-five-arrivals,-2512,-0.190000,0.507566,-0.089319,1,0,0,0
10.67500,fair-five-arrivals,-2512,-0.190000,0.506159,-0.089482,1,0,0,0
10.68333,fair-five-arrivals,-2512,-0.190000,0.504751,-0.089644,1,0,0,0
10.69167,fair-five-arrivals,-2512,-0.190000,0.503344,-0.089806,1,0,0,0
10.70000,fair-five-arrivals,-2512,-0.190000,0.501937,-0.089969,1,0,0,0
10.70833,fair-five-arrivals,-2512,-0.190000,0.500529,-0.090131,1,0,0,0
10.71667,fair-five-arrivals,-2512,-0.190000,0.499122,-0.090294,1,0,0,0
10.72500,fair-five-arrivals,-2512,-0.190000,0.497715,-0.090456,1,0,0,0
10.73333,fair-five-arrivals,-2512,-0.190000,0.496307,-0.090618,1,0,0,0
10.74167,fair-five-arrivals,-2512,-0.190000,0.494900,-0.090781,1,0,0,0
10.75000,fair-five-arrivals,-2512,-0.190000,0.493493,-0.090943,1,0,0,0
10.75833,fair-five-arrivals,-2512,-0.189515,0.492224,-0.091097,1,0,0,0
10.76667,fair-five-arrivals,-2512,-0.188768,0.491029,-0.091246,1,0,0,0
10.77500,fair-five-arrivals,-2512,-0.188021,0.489834,-0.091396,1,0,0,0
10.78333,fair-five-arrivals,-2512,-0.187275,0.488640,-0.091545,1,0,0,0
10.79167,fair-five-arrivals,-2512,-0.186528,0.487445,-0.091694,1,0,0,0
10.80000,fair-five-arrivals,-2512,-0.185782,0.486250,-0.091844,1,0,0,0
10.80833,fair-five-arrivals,-2512,-0.185035,0.485056,-0.091993,1,0,0,0
10.81667,fair-five-arrivals,-2512,-0.184288,0.483861,-0.092142,1,0,0,0
10.82500,fair-five-arrivals,-2512,-0.183542,0.482667,-0.092292,1,0,0,0
10.83333,fair-five-arrivals,-2512,-0.182795,0.481472,-0.092441,1,0,0,0
10.84167,fair-five-arrivals,-2512,-0.182048,0.480277,-0.092590,1,0,0,0
10.85000,fair-five-arrivals,-2512,-0.181302,0.479083,-0.092740,1,0,0,0
10.85833,fair-five-arrivals,-2512,-0.180555,0.477888,-0.092889,1,0,0,0
10.86667,fair-five-arrivals,-2512,-0.179805,0.476740,-0.093163,1,0,0,0
10.87500,fair-five-arrivals,-2512,-0.179045,0.475726,-0.093796,1,0,0,0
10.88333,fair-five-arrivals,-2512,-0.178284,0.474712,-0.094430,1,0,0,0
10.89167,fair-five-arrivals,-2512,-0.177524,0.473699,-0.095063,1,0,0,0
10.90000,fair-five-arrivals,-2512,-0.176764,0.472685,-0.095697,1,0,0,0
10.90833,fair-five-arrivals,-2512,-0.176004,0.471671,-0.096330,1,0,0,0
10.91667,fair-five-arrivals,-2512,-0.175243,0.470658,-0.096964,1,0,0,0
10.92500,fair-five-arrivals,-2512,-0.174483,0.469644,-0.097598,1,0,0,0
10.93333,fair-five-arrivals,-2512,-0.173723,0.468630,-0.098231,1,0,0,0
10.94167,fair-five-arrivals,-2512,-0.172962,0.467617,-0.098865,1,0,0,0
10.95000,fair-five-arrivals,-2512,-0.172202,0.466603,-0.099498,1,0,0,0
10.95833,fair-five-arrivals,-2512,-0.171442,0.465589,-0.100132,1,0,0,0
10.96667,fair-five-arrivals,-2512,-0.170682,0.464576,-0.100765,1,0,0,0
10.97500,fair-five-arrivals,-2512,-0.169921,0.463562,-0.101399,1,0,0,0
10.98333,fair-five-arrivals,-2512,-0.169161,0.462548,-0.102032,1,0,0,0
10.99167,fair-five-arrivals,-2512,-0.168401,0.461535,-0.102666,1,0,0,0
11.00000,fair-five-arrivals,-2512,-0.167611,0.460530,-0.103276,1,0,0,0
11.00833,fair-five-arrivals,-2512,-0.166788,0.459535,-0.103859,1,0,0,0
11.01667,fair-five-arrivals,-2512,-0.165965,0.458540,-0.104442,1,0,0,0
11.02500,fair-five-arrivals,-2512,-0.165141,0.457546,-0.105025,1,0,0,0
11.03333,fair-five-arrivals,-2512,-0.164318,0.456551,-0.105608,1,0,0,0
11.04167,fair-five-arrivals,-2512,-0.163495,0.455557,-0.106191,1,0,0,0
11.05000,fair-five-arrivals,-2512,-0.162672,0.454562,-0.106774,1,0,0,0
11.05833,fair-five-arrivals,-2512,-0.161849,0.453567,-0.107357,1,0,0,0
11.06667,fair-five-arrivals,-2512,-0.161026,0.452573,-0.107940,1,0,0,0
11.07500,fair-five-arrivals,-2512,-0.160202,0.451578,-0.108523,1,0,0,0
11.08333,fair-five-arrivals,-2512,-0.159379,0.450583,-0.109106,1,0,0,0
11.09167,fair-five-arrivals,-2512,-0.158556,0.449589,-0.109690,1,0,0,0
11.10000,fair-five-arrivals,-2512,-0.157733,0.448594,-0.110273,1,0,0,0
11.10833,fair-five-arrivals,-2512,-0.156910,0.447599,-0.110856,1,0,0,0
11.11667,fair-five-arrivals,-2512,-0.156087,0.446605,-0.111439,1,0,0,0
11.12500,fair-five-arrivals,-2512,-0.155263,0.445610,-0.112022,1,0,0,0
11.13333,fair-five-arrivals,-2512,-0.154440,0.444615,-0.112605,1,0,0,0
11.14167,fair-five-arrivals,-2512,-0.153617,0.443621,-0.113188,1,0,0,0
11.15000,fair-five-arrivals,-2512,-0.152794,0.442626,-0.113771,1,0,0,0
11.15833,fair-five-arrivals,-2512,-0.151971,0.441631,-0.114354,1,0,0,0
11.16667,fair-five-arrivals,-2512,-0.151147,0.440637,-0.114937,1,0,0,0
11.17500,fair-five-arrivals,-2512,-0.150324,0.439642,-0.115520,1,0,0,0
11.18333,fair-five-arrivals,-2512,-0.149501,0.438647,-0.116103,1,0,0,0
11.19167,fair-five-arrivals,-2512,-0.148678,0.437653,-0.116687,1,0,0,0
11.20000,fair-five-arrivals,-2512,-0.147855,0.436658,-0.117270,1,0,0,0
11.20833,fair-five-arrivals,-2512,-0.147032,0.435663,-0.117853,1,0,0,0
11.21667,fair-five-arrivals,-2512,-0.146208,0.434669,-0.118436,1,0,0,0
11.22500,fair-five-arrivals,-2512,-0.145385,0.433674,-0.119019,1,0,0,0
11.23333,fair-five-arrivals,-2512,-0.144562,0.432679,-0.119602,1,0,0,0
11.24167,fair-five-arrivals,-2512,-0.143640,0.431786,-0.120163,1,0,0,0
11.25000,fair-five-arrivals,-2512,-0.142506,0.431110,-0.120676,1,0,0,0
11.25833,fair-five-arrivals,-2512,-0.141371,0.430435,-0.121189,1,0,0,0
11.26667,fair-five-arrivals,-2512,-0.140236,0.429760,-0.121703,1,0,0,0
11.27500,fair-five-arrivals,-2512,-0.139102,0.429084,-0.122216,1,0,0,0
11.28333,fair-five-arrivals,-2512,-0.137967,0.428409,-0.122729,1,0,0,0
11.29167,fair-five-arrivals,-2512,-0.136832,0.427734,-0.123243,1,0,0,0
11.30000,fair-five-arrivals,-2512,-0.135698,0.427058,-0.123756,1,0,0,0
11.30833,fair-five-arrivals,-2512,-0.134563,0.426383,-0.124269,1,0,0,0
11.31667,fair-five-arrivals,-2512,-0.133429,0.425708,-0.124782,1,0,0,0
11.32500,fair-five-arrivals,-2512,-0.132294,0.425032,-0.125296,1,0,0,0
11.33333,fair-five-arrivals,-2512,-0.131159,0.424357,-0.125809,1,0,0,0
11.34167,fair-five-arrivals,-2512,-0.130025,0.423681,-0.126322,1,0,0,0
11.35000,fair-five-arrivals,-2512,-0.128890,0.423006,-0.126836,1,0,0,0
11.35833,fair-five-arrivals,-2512,-0.127755,0.422331,-0.127349,1,0,0,0
11.36667,fair-five-arrivals,-2512,-0.126621,0.421655,-0.127862,1,0,0,0
11.37500,fair-five-arrivals,-2512,-0.125486,0.420980,-0.128375,1,0,0,0
11.38333,fair-five-arrivals,-2512,-0.124352,0.420305,-0.128889,1,0,0,0
11.39167,fair-five-arrivals,-2512,-0.123217,0.419629,-0.129402,1,0,0,0
11.40000,fair-five-arrivals,-2512,-0.122082,0.418954,-0.129915,1,0,0,0
11.40833,fair-five-arrivals,-2512,-0.120948,0.418278,-0.130428,1,0,0,0
11.41667,fair-five-arrivals,-2512,-0.119813,0.417603,-0.130942,1,0,0,0
11.42500,fair-five-arrivals,-2512,-0.118679,0.416928,-0.131455,1,0,0,0
11.43333,fair-five-arrivals,-2512,-0.117544,0.416252,-0.131968,1,0,0,0
11.44167,fair-five-arrivals,-2512,-0.116409,0.415577,-0.132482,1,0,0,0
11.45000,fair-five-arrivals,-2512,-0.115275,0.414902,-0.132995,1,0,0,0
11.45833,fair-five-arrivals,-2512,-0.114140,0.414226,-0.133508,1,0,0,0
11.46667,fair-five-arrivals,-2512,-0.113005,0.413551,-0.134021,1,0,0,0
11.47500,fair-five-arrivals,-2512,-0.111871,0.412875,-0.134535,1,0,0,0
11.48333,fair-five-arrivals,-2512,-0.110736,0.412200,-0.135048,1,0,0,0
11.49167,fair-five-arrivals,-2512,-0.109602,0.411525,-0.135561,1,0,0,0
11.50000,fair-five-arrivals,-2512,-0.108467,0.410849,-0.136075,1,0,0,0
11.50833,fair-five-arrivals,-2512,-0.107332,0.410174,-0.136588,1,0,0,0
11.51667,fair-five-arrivals,-2512,-0.106198,0.409499,-0.137101,1,0,0,0
11.52500,fair-five-arrivals,-2512,-0.105063,0.408823,-0.137614,1,0,0,0
11.53333,fair-five-arrivals,-2512,-0.103928,0.408148,-0.138128,1,0,0,0
11.54167,fair-five-arrivals,-2512,-0.102794,0.407473,-0.138641,1,0,0,0
11.55000,fair-five-arrivals,-2512,-0.101612,0.406851,-0.139091,1,0,0,0
11.55833,fair-five-arrivals,-2512,-0.100319,0.406356,-0.139393,1,0,0,0
11.56667,fair-five-arrivals,-2512,-0.099027,0.405861,-0.139696,1,0,0,0
11.57500,fair-five-arrivals,-2512,-0.097734,0.405366,-0.139998,1,0,0,0
11.58333,fair-five-arrivals,-2512,-0.096442,0.404871,-0.140301,1,0,0,0
11.59167,fair-five-arrivals,-2512,-0.095149,0.404376,-0.140603,1,0,0,0
11.60000,fair-five-arrivals,-2512,-0.093857,0.403881,-0.140906,1,0,0,0
11.60833,fair-five-arrivals,-2512,-0.092565,0.403386,-0.141208,1,0,0,0
11.61667,fair-five-arrivals,-2512,-0.091272,0.402892,-0.141511,1,0,0,0
11.62500,fair-five-arrivals,-2512,-0.089980,0.402397,-0.141813,1,0,0,0
11.63333,fair-five-arrivals,-2512,-0.088687,0.401902,-0.142116,1,0,0,0
11.64167,fair-five-arrivals,-2512,-0.087395,0.401407,-0.142418,1,0,0,0
11.65000,fair-five-arrivals,-2512,-0.086102,0.400912,-0.142721,1,0,0,0
11.65833,fair-five-arrivals,-2512,-0.084810,0.400417,-0.143023,1,0,0,0
11.66667,fair-five-arrivals,-2512,-0.083517,0.399922,-0.143326,1,0,0,0
11.67500,fair-five-arrivals,-2512,-0.082225,0.399427,-0.143628,1,0,0,0
11.68333,fair-five-arrivals,-2512,-0.080932,0.398932,-0.143931,1,0,0,0
11.69167,fair-five-arrivals,-2512,-0.079640,0.398437,-0.144233,1,0,0,0
11.70000,fair-five-arrivals,-2512,-0.078348,0.397942,-0.144536,1,0,0,0
11.70833,fair-five-arrivals,-2512,-0.077055,0.397447,-0.144838,1,0,0,0
11.71667,fair-five-arrivals,-2512,-0.075763,0.396952,-0.145141,1,0,0,0
11.72500,fair-five-arrivals,-2512,-0.074470,0.396457,-0.145443,1,0,0,0
11.73333,fair-five-arrivals,-2512,-0.073178,0.395962,-0.145746,1,0,0,0
11.74167,fair-five-arrivals,-2512,-0.071885,0.395467,-0.146048,1,0,0,0
11.75000,fair-five-arrivals,-2512,-0.070593,0.394972,-0.146351,1,0,0,0
11.75833,fair-five-arrivals,-2512,-0.069300,0.394477,-0.146653,1,0,0,0
11.76667,fair-five-arrivals,-2512,-0.068008,0.393982,-0.146956,1,0,0,0
11.77500,fair-five-arrivals,-2512,-0.066715,0.393487,-0.147258,1,0,0,0
11.78333,fair-five-arrivals,-2512,-0.065423,0.392992,-0.147561,1,0,0,0
11.79167,fair-five-arrivals,-2512,-0.064131,0.392497,-0.147863,1,0,0,0
11.80000,fair-five-arrivals,-2512,-0.062838,0.392002,-0.148166,1,0,0,0
11.80833,fair-five-arrivals,-2512,-0.061546,0.391507,-0.148468,1,0,0,0
11.81667,fair-five-arrivals,-2512,-0.060253,0.391012,-0.148771,1,0,0,0
11.82500,fair-five-arrivals,-2512,-0.058961,0.390517,-0.149073,1,0,0,0
11.83333,fair-five-arrivals,-2512,-0.057668,0.390022,-0.149376,1,0,0,0
11.84167,fair-five-arrivals,-2512,-0.056376,0.389527,-0.149678,1,0,0,0
11.85000,fair-five-arrivals,-2512,-0.055083,0.389032,-0.149981,1,0,0,0
11.85833,fair-five-arrivals,-2512,-0.053849,0.388347,-0.150062,1,0,0,0
11.86667,fair-five-arrivals,-2512,-0.052618,0.387648,-0.150129,1,0,0,0
11.87500,fair-five-arrivals,-2512,-0.051387,0.386950,-0.150195,1,0,0,0
11.88333,fair-five-arrivals,-2512,-0.050157,0.386251,-0.150262,1,0,0,0
11.89167,fair-five-arrivals,-2512,-0.048926,0.385553,-0.150328,1,0,0,0
11.90000,fair-five-arrivals,-2512,-0.047695,0.384854,-0.150395,1,0,0,0
11.90833,fair-five-arrivals,-2512,-0.046465,0.384156,-0.150461,1,0,0,0
11.91667,fair-five-arrivals,-2512,-0.045234,0.383457,-0.150528,1,0,0,0
11.92500,fair-five-arrivals,-2512,-0.044003,0.382759,-0.150594,1,0,0,0
11.93333,fair-five-arrivals,-2512,-0.042772,0.382060,-0.150661,1,0,0,0
11.94167,fair-five-arrivals,-2512,-0.041542,0.381362,-0.150728,1,0,0,0
11.95000,fair-five-arrivals,-2512,-0.040311,0.380663,-0.150794,1,0,0,0
11.95833,fair-five-arrivals,-2512,-0.039080,0.379965,-0.150861,1,0,0,0
11.96667,fair-five-arrivals,-2512,-0.037850,0.379266,-0.150927,1,0,0,0
11.97500,fair-five-arrivals,-2512,-0.036619,0.378568,-0.150994,1,0,0,0
11.98333,fair-five-arrivals,-2512,-0.035388,0.377869,-0.151060,1,0,0,0
11.99167,fair-five-arrivals,-2512,-0.034158,0.377171,-0.151127,1,0,0,0
12.00000,fair-five-arrivals,-2512,-0.032927,0.376472,-0.151193,1,0,0,0
12.00833,fair-five-arrivals,-2512,-0.031696,0.375774,-0.151260,1,0,0,0
12.01667,fair-five-arrivals,-2512,-0.030465,0.375075,-0.151326,1,0,0,0
12.02500,fair-five-arrivals,-2512,-0.029235,0.374377,-0.151393,1,0,0,0
12.03333,fair-five-arrivals,-2512,-0.028004,0.373678,-0.151459,1,0,0,0
12.04167,fair-five-arrivals,-2512,-0.026773,0.372980,-0.151526,1,0,0,0
12.05000,fair-five-arrivals,-2512,-0.025543,0.372281,-0.151592,1,0,0,0
12.05833,fair-five-arrivals,-2512,-0.024312,0.371583,-0.151659,1,0,0,0
12.06667,fair-five-arrivals,-2512,-0.023081,0.370884,-0.151725,1,0,0,0
12.07500,fair-five-arrivals,-2512,-0.021851,0.370186,-0.151792,1,0,0,0
12.08333,fair-five-arrivals,-2512,-0.020620,0.369487,-0.151858,1,0,0,0
12.09167,fair-five-arrivals,-2512,-0.019389,0.368789,-0.151925,1,0,0,0
12.10000,fair-five-arrivals,-2512,-0.018159,0.368090,-0.151991,1,0,0,0
12.10833,fair-five-arrivals,-2512,-0.018000,0.368000,-0.152000,1,0,0,0
12.11667,fair-five-arrivals,-2512,-0.018000,0.368000,-0.152000,1,0,0,0
12.12500,fair-five-arrivals,-2512,-0.018000,0.368000,-0.152000,1,0,0,0
12.13333,fair-five-arrivals,-2512,-0.018000,0.368000,-0.152000,1,0,0,0
12.14167,fair-five-arrivals,-2512,-0.018000,0.368000,-0.152000,1,0,0,0
12.15000,fair-five-arrivals,-2512,-0.018000,0.368000,-0.152000,1,0,0,0
12.15833,fair-five-arrivals,-2512,-0.018000,0.368000,-0.152000,1,0,0,0
12.16667,fair-five-arrivals,-2512,-0.018000,0.368000,-0.152000,1,0,0,0
12.17500,fair-five-arrivals,-2512,-0.018000,0.368000,-0.152000,1,0,0,0
12.18333,fair-five-arrivals,-2512,-0.018000,0.368000,-0.152000,1,0,0,0
12.19167,fair-five-arrivals,-2512,-0.018000,0.368000,-0.152000,1,0,0,0
12.20000,fair-five-arrivals,-2512,-0.018000,0.368000,-0.152000,1,0,0,0
12.20833,fair-five-arrivals,-2512,-0.018000,0.368000,-0.152000,1,0,0,0
12.21667,fair-five-arrivals,-2512,-0.018000,0.368000,-0.152000,1,0,0,0
12.22500,fair-five-arrivals,-2512,-0.018000,0.368000,-0.152000,1,0,0,0
12.23333,fair-five-arrivals,-2512,-0.018000,0.368000,-0.152000,1,0,0,0
12.24167,fair-five-arrivals,-2512,-0.018000,0.368000,-0.152000,1,0,0,0
12.25000,fair-five-arrivals,-2512,-0.018000,0.368000,-0.152000,1,0,0,0
12.25833,fair-five-arrivals,-2512,-0.018000,0.368000,-0.152000,1,0,0,0
12.26667,fair-five-arrivals,-2512,-0.018000,0.368000,-0.152000,1,0,0,0
12.27500,fair-five-arrivals,-2512,-0.018000,0.368000,-0.152000,1,0,0,0
12.28333,fair-five-arrivals,-2512,-0.018000,0.368000,-0.152000,1,0,0,0
12.29167,fair-five-arrivals,-2512,-0.018000,0.368000,-0.152000,1,0,0,0
12.30000,fair-five-arrivals,-2512,-0.018000,0.368000,-0.152000,1,0,0,0
12.30833,fair-five-arrivals,-2512,-0.018000,0.368000,-0.152000,1,0,0,0
12.31667,fair-five-arrivals,-2512,-0.018000,0.368000,-0.152000,1,0,0,0
12.32500,fair-five-arrivals,-2512,-0.018000,0.368000,-0.152000,1,0,0,0
12.33333,fair-five-arrivals,-2512,-0.018000,0.368000,-0.152000,1,0,0,0
12.34167,fair-five-arrivals,-2512,-0.018000,0.368000,-0.152000,1,0,0,0
12.35000,fair-five-arrivals,-2512,-0.018000,0.368000,-0.152000,1,0,0,0
12.35833,fair-five-arrivals,-2512,-0.018000,0.368000,-0.152000,1,0,0,0
12.36667,fair-five-arrivals,-2512,-0.018000,0.368000,-0.152000,1,0,0,0
12.37500,fair-five-arrivals,-2512,-0.018000,0.368000,-0.152000,1,0,0,0
12.38333,fair-five-arrivals,-2512,-0.018000,0.368000,-0.152000,1,0,0,0
12.39167,fair-five-arrivals,-2512,-0.018000,0.368000,-0.152000,1,0,0,0
12.40000,fair-five-arrivals,-2512,-0.018000,0.368000,-0.152000,1,0,0,0
12.40833,fair-five-arrivals,-2512,-0.018000,0.368000,-0.152000,1,0,0,0
18.02500,right-rate-4,-2888,0.220000,0.819000,-0.052000,0,0,0,0
18.03333,right-rate-4,-2888,0.220000,0.816652,-0.052000,0,0,0,0
18.04167,right-rate-4,-2888,0.220000,0.813624,-0.052000,0,0,0,0
18.05000,right-rate-4,-2888,0.220000,0.809915,-0.052000,0,0,0,0
18.05833,right-rate-4,-2888,0.220000,0.805525,-0.052000,0,0,0,0
18.06667,right-rate-4,-2888,0.220000,0.800454,-0.052000,0,0,0,0
18.07500,right-rate-4,-2888,0.220000,0.794703,-0.052000,0,0,0,0
18.08333,right-rate-4,-2888,0.220000,0.788271,-0.052000,0,0,0,0
18.09167,right-rate-4,-2888,0.220000,0.781159,-0.052000,0,0,0,0
18.10000,right-rate-4,-2888,0.220000,0.773367,-0.052000,0,0,0,0
18.10833,right-rate-4,-2888,0.220000,0.764895,-0.052000,0,0,0,0
18.11667,right-rate-4,-2888,0.220000,0.755742,-0.052000,0,0,0,0
18.12500,right-rate-4,-2888,0.220000,0.754103,-0.052000,0,0,0,0
18.13333,right-rate-4,-2888,0.214551,0.754675,-0.052000,0,0,0,0
18.14167,right-rate-4,-2888,0.209102,0.754566,-0.052000,0,0,0,0
18.15000,right-rate-4,-2888,0.203654,0.753776,-0.052000,0,0,0,0
18.15833,right-rate-4,-2888,0.198207,0.752305,-0.052000,0,0,0,0
18.16667,right-rate-4,-2888,0.192669,0.751967,-0.052000,0,0,0,0
18.17500,right-rate-4,-2888,0.191200,0.751601,-0.052000,0,0,0,0
18.18333,right-rate-4,-2888,0.193408,0.749544,-0.052000,0,0,0,0
18.19167,right-rate-4,-2888,0.192811,0.748871,-0.052000,0,0,0,0
18.20000,right-rate-4,-2888,0.192203,0.747517,-0.052000,0,0,0,0
18.20833,right-rate-4,-2888,0.191594,0.745482,-0.052000,0,0,0,0
18.21667,right-rate-4,-2888,0.191279,0.742788,-0.052000,0,0,0,0
18.22500,right-rate-4,-2888,0.191216,0.739432,-0.052000,0,0,0,0
18.23333,right-rate-4,-2888,0.191203,0.735399,-0.052000,0,0,0,0
18.24167,right-rate-4,-2888,0.191201,0.730686,-0.052000,0,0,0,0
18.25000,right-rate-4,-2888,0.191200,0.725293,-0.052000,0,0,0,0
18.25833,right-rate-4,-2888,0.191200,0.719220,-0.052000,0,0,0,0
18.26667,right-rate-4,-2888,0.191200,0.712466,-0.052000,0,0,0,0
18.27500,right-rate-4,-2888,0.191369,0.705048,-0.052000,0,0,0,0
18.28333,right-rate-4,-2888,0.191538,0.696950,-0.052000,0,0,0,0
18.29167,right-rate-4,-2888,0.191707,0.688172,-0.052000,0,0,0,0
18.30000,right-rate-4,-2888,0.191876,0.678713,-0.052000,0,0,0,0
18.30833,right-rate-4,-2888,0.192045,0.668575,-0.052000,0,0,0,0
18.31667,right-rate-4,-2888,0.192214,0.657757,-0.052000,0,0,0,0
18.32500,right-rate-4,-2888,0.192383,0.646259,-0.052000,0,0,0,0
18.33333,right-rate-4,-2888,0.192551,0.634081,-0.052000,0,0,0,0
18.34167,right-rate-4,-2888,0.192720,0.621224,-0.052000,0,0,0,0
18.35000,right-rate-4,-2888,0.192889,0.607687,-0.052000,0,0,0,0
18.35833,right-rate-4,-2888,0.193058,0.593471,-0.052000,0,0,0,0
18.36667,right-rate-4,-2888,0.193227,0.578575,-0.052000,0,0,0,0
18.37500,right-rate-4,-2888,0.193395,0.563000,-0.052000,0,0,0,0
18.38333,right-rate-4,-2888,0.193564,0.546746,-0.052000,0,0,0,0
18.39167,right-rate-4,-2888,0.193733,0.529813,-0.052000,0,0,0,0
18.40000,right-rate-4,-2888,0.193902,0.512200,-0.052000,0,0,0,0
18.40833,right-rate-4,-2888,0.194070,0.493909,-0.052000,0,0,0,0
18.41667,right-rate-4,-2888,0.194239,0.474939,-0.052000,0,0,0,0
18.42500,right-rate-4,-2888,0.194407,0.455289,-0.052000,0,0,0,0
18.43333,right-rate-4,-2888,0.194576,0.434962,-0.052000,0,0,0,0
18.44167,right-rate-4,-2888,0.194745,0.413955,-0.052000,0,0,0,0
18.45000,right-rate-4,-2888,0.194913,0.392270,-0.052000,0,0,0,0
18.45833,right-rate-4,-2888,0.195082,0.369907,-0.052000,0,0,0,0
18.46667,right-rate-4,-2888,0.195250,0.346865,-0.052000,0,0,0,0
22.62500,right-rate-8,-2902,0.220000,0.819000,-0.052000,0,0,0,0
22.63333,right-rate-8,-2902,0.220000,0.816652,-0.052000,0,0,0,0
22.64167,right-rate-8,-2902,0.220000,0.813624,-0.052000,0,0,0,0
22.65000,right-rate-8,-2902,0.220000,0.809915,-0.052000,0,0,0,0
22.65833,right-rate-8,-2902,0.220000,0.805525,-0.052000,0,0,0,0
22.66667,right-rate-8,-2902,0.220000,0.800454,-0.052000,0,0,0,0
22.67500,right-rate-8,-2902,0.220000,0.794703,-0.052000,0,0,0,0
22.68333,right-rate-8,-2902,0.220000,0.788271,-0.052000,0,0,0,0
22.69167,right-rate-8,-2902,0.220000,0.781159,-0.052000,0,0,0,0
22.70000,right-rate-8,-2902,0.220000,0.773367,-0.052000,0,0,0,0
22.70833,right-rate-8,-2902,0.220000,0.764895,-0.052000,0,0,0,0
22.71667,right-rate-8,-2902,0.220000,0.755742,-0.052000,0,0,0,0
22.72500,right-rate-8,-2902,0.220000,0.754103,-0.052000,0,0,0,0
22.73333,right-rate-8,-2902,0.214551,0.754675,-0.052000,0,0,0,0
22.74167,right-rate-8,-2902,0.209102,0.754566,-0.052000,0,0,0,0
22.75000,right-rate-8,-2902,0.203654,0.753776,-0.052000,0,0,0,0
22.75833,right-rate-8,-2902,0.198207,0.752305,-0.052000,0,0,0,0
22.76667,right-rate-8,-2902,0.192669,0.751967,-0.052000,0,0,0,0
22.77500,right-rate-8,-2902,0.191200,0.751601,-0.052000,0,0,0,0
22.78333,right-rate-8,-2902,0.193408,0.749544,-0.052000,0,0,0,0
22.79167,right-rate-8,-2902,0.192811,0.748871,-0.052000,0,0,0,0
22.80000,right-rate-8,-2902,0.192203,0.747517,-0.052000,0,0,0,0
22.80833,right-rate-8,-2902,0.191594,0.745482,-0.052000,0,0,0,0
22.81667,right-rate-8,-2902,0.191279,0.742788,-0.052000,0,0,0,0
22.82500,right-rate-8,-2902,0.191216,0.739432,-0.052000,0,0,0,0
22.83333,right-rate-8,-2902,0.191203,0.735399,-0.052000,0,0,0,0
22.84167,right-rate-8,-2902,0.191201,0.730686,-0.052000,0,0,0,0
22.85000,right-rate-8,-2902,0.191200,0.725293,-0.052000,0,0,0,0
22.85833,right-rate-8,-2902,0.191200,0.719220,-0.052000,0,0,0,0
22.86667,right-rate-8,-2902,0.191200,0.712466,-0.052000,0,0,0,0
22.87500,right-rate-8,-2902,0.191369,0.705048,-0.052000,0,0,0,0
22.88333,right-rate-8,-2902,0.191538,0.696950,-0.052000,0,0,0,0
22.89167,right-rate-8,-2902,0.191707,0.688172,-0.052000,0,0,0,0
22.90000,right-rate-8,-2902,0.191876,0.678713,-0.052000,0,0,0,0
22.90833,right-rate-8,-2902,0.192045,0.668575,-0.052000,0,0,0,0
22.91667,right-rate-8,-2902,0.192214,0.657757,-0.052000,0,0,0,0
22.92500,right-rate-8,-2902,0.192383,0.646259,-0.052000,0,0,0,0
22.93333,right-rate-8,-2902,0.192551,0.634081,-0.052000,0,0,0,0
22.94167,right-rate-8,-2902,0.192720,0.621224,-0.052000,0,0,0,0
22.95000,right-rate-8,-2902,0.192889,0.607687,-0.052000,0,0,0,0
22.95833,right-rate-8,-2902,0.193058,0.593471,-0.052000,0,0,0,0
22.96667,right-rate-8,-2902,0.193227,0.578575,-0.052000,0,0,0,0
22.97500,right-rate-8,-2902,0.193395,0.563000,-0.052000,0,0,0,0
22.98333,right-rate-8,-2902,0.193564,0.546746,-0.052000,0,0,0,0
22.99167,right-rate-8,-2902,0.193733,0.529813,-0.052000,0,0,0,0
23.00000,right-rate-8,-2902,0.193902,0.512200,-0.052000,0,0,0,0
23.00833,right-rate-8,-2902,0.194070,0.493909,-0.052000,0,0,0,0
23.01667,right-rate-8,-2902,0.194239,0.474939,-0.052000,0,0,0,0
23.02500,right-rate-8,-2902,0.194407,0.455289,-0.052000,0,0,0,0
23.03333,right-rate-8,-2902,0.194576,0.434962,-0.052000,0,0,0,0
23.04167,right-rate-8,-2902,0.194745,0.413955,-0.052000,0,0,0,0
23.05000,right-rate-8,-2902,0.194913,0.392270,-0.052000,0,0,0,0
23.05833,right-rate-8,-2902,0.195082,0.369907,-0.052000,0,0,0,0
23.06667,right-rate-8,-2902,0.195250,0.346865,-0.052000,0,0,0,0
27.22500,normal-autofire,-2916,-0.232000,0.234000,-0.052000,0,0,0,0
27.23333,normal-autofire,-2916,-0.232000,0.263315,-0.052000,0,0,0,0
27.24167,normal-autofire,-2916,-0.232000,0.291945,-0.052000,0,0,0,0
27.25000,normal-autofire,-2916,-0.232000,0.319891,-0.052000,0,0,0,0
27.25833,normal-autofire,-2916,-0.232000,0.347152,-0.052000,0,0,0,0
27.26667,normal-autofire,-2916,-0.232000,0.373728,-0.052000,0,0,0,0
27.27500,normal-autofire,-2916,-0.232000,0.399620,-0.052000,0,0,0,0
27.28333,normal-autofire,-2916,-0.232000,0.424827,-0.052000,0,0,0,0
27.29167,normal-autofire,-2916,-0.232000,0.449350,-0.052000,0,0,0,0
27.30000,normal-autofire,-2916,-0.232000,0.473189,-0.052000,0,0,0,0
27.30833,normal-autofire,-2916,-0.232000,0.496344,-0.052000,0,0,0,0
27.31667,normal-autofire,-2916,-0.231768,0.518793,-0.052000,0,0,0,0
27.32500,normal-autofire,-2916,-0.231433,0.540549,-0.052000,0,0,0,0
27.33333,normal-autofire,-2916,-0.231088,0.561620,-0.052000,0,0,0,0
27.34167,normal-autofire,-2916,-0.230743,0.582008,-0.052000,0,0,0,0
27.35000,normal-autofire,-2916,-0.230397,0.601711,-0.052000,0,0,0,0
27.35833,normal-autofire,-2916,-0.230052,0.620731,-0.052000,0,0,0,0
27.36667,normal-autofire,-2916,-0.229707,0.639068,-0.052000,0,0,0,0
27.37500,normal-autofire,-2916,-0.229361,0.656720,-0.052000,0,0,0,0
27.38333,normal-autofire,-2916,-0.224506,0.671764,-0.052000,0,0,0,0
27.39167,normal-autofire,-2916,-0.219650,0.686125,-0.052000,0,0,0,0
27.40000,normal-autofire,-2916,-0.214796,0.699803,-0.052000,0,0,0,0
27.40833,normal-autofire,-2916,-0.214911,0.712730,-0.052000,0,0,0,0
27.41667,normal-autofire,-2916,-0.214342,0.724983,-0.052000,0,0,0,0
27.42500,normal-autofire,-2916,-0.213670,0.736555,-0.052000,0,0,0,0
27.43333,normal-autofire,-2916,-0.213010,0.747444,-0.052000,0,0,0,0
27.44167,normal-autofire,-2916,-0.212343,0.757651,-0.052000,0,0,0,0
27.45000,normal-autofire,-2916,-0.209413,0.766327,-0.052000,0,0,0,0
27.45833,normal-autofire,-2916,-0.206795,0.774436,-0.052000,0,0,0,0
27.46667,normal-autofire,-2916,-0.202251,0.779379,-0.052000,0,0,0,0
27.47500,normal-autofire,-2916,-0.197709,0.783640,-0.052000,0,0,0,0
27.48333,normal-autofire,-2916,-0.193166,0.787219,-0.052000,0,0,0,0
27.49167,normal-autofire,-2916,-0.188624,0.790117,-0.052000,0,0,0,0
27.50000,normal-autofire,-2916,-0.184083,0.792334,-0.052000,0,0,0,0
27.50833,normal-autofire,-2916,-0.179543,0.793869,-0.052000,0,0,0,0
27.51667,normal-autofire,-2916,-0.175003,0.794722,-0.052000,0,0,0,0
27.52500,normal-autofire,-2916,-0.170463,0.794894,-0.052000,0,0,0,0
27.53333,normal-autofire,-2916,-0.165924,0.794385,-0.052000,0,0,0,0
27.54167,normal-autofire,-2916,-0.161386,0.793195,-0.052000,0,0,0,0
27.55000,normal-autofire,-2916,-0.156848,0.791324,-0.052000,0,0,0,0
27.55833,normal-autofire,-2916,-0.152311,0.788773,-0.052000,0,0,0,0
27.56667,normal-autofire,-2916,-0.147774,0.785540,-0.052000,0,0,0,0
27.57500,normal-autofire,-2916,-0.143238,0.781626,-0.052000,0,0,0,0
27.58333,normal-autofire,-2916,-0.138703,0.777032,-0.052000,0,0,0,0
27.59167,normal-autofire,-2916,-0.139592,0.774285,-0.052000,0,0,0,0
27.60000,normal-autofire,-2916,-0.140744,0.770979,-0.052000,0,0,0,0
27.60833,normal-autofire,-2916,-0.142116,0.767088,-0.052000,0,0,0,0
27.61667,normal-autofire,-2916,-0.143697,0.762609,-0.052000,0,0,0,0
27.62500,normal-autofire,-2916,-0.145488,0.757542,-0.052000,0,0,0,0
27.63333,normal-autofire,-2916,-0.147487,0.751886,-0.052000,0,0,0,0
27.64167,normal-autofire,-2916,-0.149693,0.745641,-0.052000,0,0,0,0
27.65000,normal-autofire,-2916,-0.152108,0.738807,-0.052000,0,0,0,0
27.65833,normal-autofire,-2916,-0.154523,0.731293,-0.052000,0,0,0,0
27.66667,normal-autofire,-2916,-0.156937,0.723099,-0.052000,0,0,0,0
27.67500,normal-autofire,-2916,-0.157494,0.714267,-0.052000,0,0,0,0
27.68333,normal-autofire,-2916,-0.157275,0.713952,-0.052000,0,0,0,0
27.69167,normal-autofire,-2916,-0.156920,0.713814,-0.052000,0,0,0,0
27.70000,normal-autofire,-2916,-0.156434,0.713656,-0.052000,0,0,0,0
27.70833,normal-autofire,-2916,-0.155786,0.713400,-0.052000,0,0,0,0
27.71667,normal-autofire,-2916,-0.154943,0.712957,-0.052000,0,0,0,0
27.72500,normal-autofire,-2916,-0.153899,0.712188,-0.052000,0,0,0,0
27.73333,normal-autofire,-2916,-0.152730,0.710885,-0.052000,0,0,0,0
27.74167,normal-autofire,-2916,-0.151562,0.708901,-0.052000,0,0,0,0
27.75000,normal-autofire,-2916,-0.151112,0.706290,-0.052000,0,0,0,0
27.75833,normal-autofire,-2916,-0.151023,0.703025,-0.052000,0,0,0,0
27.76667,normal-autofire,-2916,-0.151005,0.699085,-0.052000,0,0,0,0
27.77500,normal-autofire,-2916,-0.151001,0.694465,-0.052000,0,0,0,0
27.78333,normal-autofire,-2916,-0.153723,0.691403,-0.052000,0,0,0,0
27.79167,normal-autofire,-2916,-0.156083,0.687364,-0.052000,0,0,0,0
27.80000,normal-autofire,-2916,-0.154548,0.686835,-0.052000,0,0,0,0
27.80833,normal-autofire,-2916,-0.153456,0.684988,-0.052000,0,0,0,0
27.81667,normal-autofire,-2916,-0.152397,0.682439,-0.052000,0,0,0,0
27.82500,normal-autofire,-2942,-0.232000,0.234000,-0.052000,0,0,0,0
27.82500,normal-autofire,-2916,-0.151339,0.679209,-0.052000,0,0,0,0
27.83333,normal-autofire,-2942,-0.232000,0.263315,-0.052000,0,0,0,0
27.83333,normal-autofire,-2916,-0.151068,0.675358,-0.052000,0,0,0,0
27.84167,normal-autofire,-2942,-0.232000,0.291945,-0.052000,0,0,0,0
27.84167,normal-autofire,-2916,-0.151014,0.670842,-0.052000,0,0,0,0
27.85000,normal-autofire,-2942,-0.232000,0.319891,-0.052000,0,0,0,0
27.85000,normal-autofire,-2916,-0.151003,0.665648,-0.052000,0,0,0,0
27.85833,normal-autofire,-2942,-0.232000,0.347152,-0.052000,0,0,0,0
27.85833,normal-autofire,-2916,-0.151001,0.659775,-0.052000,0,0,0,0
27.86667,normal-autofire,-2942,-0.232000,0.373728,-0.052000,0,0,0,0
27.86667,normal-autofire,-2916,-0.151000,0.653222,-0.052000,0,0,0,0
27.87500,normal-autofire,-2942,-0.232000,0.399620,-0.052000,0,0,0,0
27.87500,normal-autofire,-2916,-0.151000,0.645988,-0.052000,0,0,0,0
27.88333,normal-autofire,-2942,-0.232000,0.424827,-0.052000,0,0,0,0
27.88333,normal-autofire,-2916,-0.151000,0.638074,-0.052000,0,0,0,0
27.89167,normal-autofire,-2942,-0.232000,0.449350,-0.052000,0,0,0,0
27.89167,normal-autofire,-2916,-0.151000,0.630176,-0.052000,0,0,0,0
27.90000,normal-autofire,-2942,-0.232000,0.473189,-0.052000,0,0,0,0
27.90000,normal-autofire,-2916,-0.157009,0.627190,-0.052000,0,0,0,0
27.90833,normal-autofire,-2942,-0.232000,0.496344,-0.052000,0,0,0,0
27.90833,normal-autofire,-2916,-0.163017,0.623522,-0.052000,0,0,0,0
27.91667,normal-autofire,-2942,-0.231768,0.518793,-0.052000,0,0,0,0
27.91667,normal-autofire,-2916,-0.169025,0.619174,-0.052000,0,0,0,0
27.92500,normal-autofire,-2942,-0.231433,0.540549,-0.052000,0,0,0,0
27.92500,normal-autofire,-2916,-0.175032,0.614145,-0.052000,0,0,0,0
27.93333,normal-autofire,-2942,-0.231088,0.561620,-0.052000,0,0,0,0
27.93333,normal-autofire,-2916,-0.181038,0.608436,-0.052000,0,0,0,0
27.94167,normal-autofire,-2942,-0.230743,0.582008,-0.052000,0,0,0,0
27.94167,normal-autofire,-2916,-0.187043,0.602046,-0.052000,0,0,0,0
27.95000,normal-autofire,-2942,-0.230397,0.601711,-0.052000,0,0,0,0
27.95000,normal-autofire,-2916,-0.193048,0.594976,-0.052000,0,0,0,0
27.95833,normal-autofire,-2942,-0.230052,0.620731,-0.052000,0,0,0,0
27.95833,normal-autofire,-2916,-0.196333,0.590734,-0.052000,0,0,0,0
27.96667,normal-autofire,-2942,-0.229707,0.639068,-0.052000,0,0,0,0
27.96667,normal-autofire,-2916,-0.192976,0.583203,-0.052000,0,0,0,0
27.97500,normal-autofire,-2942,-0.229361,0.656720,-0.052000,0,0,0,0
27.97500,normal-autofire,-2916,-0.189620,0.574991,-0.052000,0,0,0,0
27.98333,normal-autofire,-2942,-0.224506,0.671764,-0.052000,0,0,0,0
27.98333,normal-autofire,-2916,-0.186264,0.566099,-0.052000,0,0,0,0
27.99167,normal-autofire,-2942,-0.219650,0.686125,-0.052000,0,0,0,0
27.99167,normal-autofire,-2916,-0.182908,0.556527,-0.052000,0,0,0,0
28.00000,normal-autofire,-2942,-0.214796,0.699803,-0.052000,0,0,0,0
28.00000,normal-autofire,-2916,-0.182027,0.553836,-0.052000,0,0,0,0
28.00833,normal-autofire,-2942,-0.214911,0.712730,-0.052000,0,0,0,0
28.00833,normal-autofire,-2916,-0.188327,0.548175,-0.052000,0,0,0,0
28.01667,normal-autofire,-2942,-0.214342,0.724983,-0.052000,0,0,0,0
28.01667,normal-autofire,-2916,-0.194626,0.541834,-0.052000,0,0,0,0
28.02500,normal-autofire,-2942,-0.213670,0.736555,-0.052000,0,0,0,0
28.02500,normal-autofire,-2916,-0.195960,0.540346,-0.052000,0,0,0,0
28.03333,normal-autofire,-2942,-0.213010,0.747444,-0.052000,0,0,0,0
28.03333,normal-autofire,-2916,-0.193372,0.532706,-0.052000,0,0,0,0
28.04167,normal-autofire,-2942,-0.212343,0.757651,-0.052000,0,0,0,0
28.04167,normal-autofire,-2916,-0.190786,0.524386,-0.052000,0,0,0,0
28.05000,normal-autofire,-2942,-0.209413,0.766327,-0.052000,0,0,0,0
28.05000,normal-autofire,-2916,-0.188199,0.515386,-0.052000,0,0,0,0
28.05833,normal-autofire,-2942,-0.206795,0.774436,-0.052000,0,0,0,0
28.05833,normal-autofire,-2916,-0.185613,0.505706,-0.052000,0,0,0,0
28.06667,normal-autofire,-2942,-0.202251,0.779379,-0.052000,0,0,0,0
28.06667,normal-autofire,-2916,-0.183027,0.495345,-0.052000,0,0,0,0
28.07500,normal-autofire,-2942,-0.197709,0.783640,-0.052000,0,0,0,0
28.07500,normal-autofire,-2916,-0.182766,0.484480,-0.052000,0,0,0,0
28.08333,normal-autofire,-2942,-0.193166,0.787219,-0.052000,0,0,0,0
28.08333,normal-autofire,-2916,-0.182713,0.472950,-0.052000,0,0,0,0
28.09167,normal-autofire,-2942,-0.188624,0.790117,-0.052000,0,0,0,0
28.09167,normal-autofire,-2916,-0.187741,0.465084,-0.052000,0,0,0,0
28.10000,normal-autofire,-2942,-0.184083,0.792334,-0.052000,0,0,0,0
28.10000,normal-autofire,-2916,-0.192769,0.456538,-0.052000,0,0,0,0
28.10833,normal-autofire,-2942,-0.179543,0.793869,-0.052000,0,0,0,0
28.10833,normal-autofire,-2916,-0.195341,0.451818,-0.052000,0,0,0,0
28.11667,normal-autofire,-2942,-0.175003,0.794722,-0.052000,0,0,0,0
28.11667,normal-autofire,-2916,-0.193240,0.441962,-0.052000,0,0,0,0
28.12500,normal-autofire,-2942,-0.170463,0.794894,-0.052000,0,0,0,0
28.12500,normal-autofire,-2916,-0.191140,0.431426,-0.052000,0,0,0,0
28.13333,normal-autofire,-2942,-0.165924,0.794385,-0.052000,0,0,0,0
28.13333,normal-autofire,-2916,-0.191857,0.420780,-0.052000,0,0,0,0
28.14167,normal-autofire,-2942,-0.161386,0.793195,-0.052000,0,0,0,0
28.14167,normal-autofire,-2916,-0.192574,0.409454,-0.052000,0,0,0,0
28.15000,normal-autofire,-2942,-0.156848,0.791324,-0.052000,0,0,0,0
28.15000,normal-autofire,-2916,-0.193290,0.397449,-0.052000,0,0,0,0
28.15833,normal-autofire,-2942,-0.152311,0.788773,-0.052000,0,0,0,0
28.15833,normal-autofire,-2916,-0.194007,0.384763,-0.052000,0,0,0,0
28.16667,normal-autofire,-2942,-0.147774,0.785540,-0.052000,0,0,0,0
28.16667,normal-autofire,-2916,-0.194723,0.371399,-0.052000,0,0,0,0
28.17500,normal-autofire,-2942,-0.143238,0.781626,-0.052000,0,0,0,0
28.17500,normal-autofire,-2916,-0.195439,0.357354,-0.052000,0,0,0,0
28.18333,normal-autofire,-2942,-0.138703,0.777032,-0.052000,0,0,0,0
28.18333,normal-autofire,-2916,-0.196155,0.342631,-0.052000,0,0,0,0
28.19167,normal-autofire,-2942,-0.139592,0.774285,-0.052000,0,0,0,0
28.19167,normal-autofire,-2916,-0.196871,0.327228,-0.052000,0,0,0,0
28.20000,normal-autofire,-2942,-0.140744,0.770979,-0.052000,0,0,0,0
28.20000,normal-autofire,-2916,-0.197587,0.311145,-0.052000,0,0,0,0
28.20833,normal-autofire,-2942,-0.142116,0.767088,-0.052000,0,0,0,0
28.20833,normal-autofire,-2916,-0.198303,0.294384,-0.052000,0,0,0,0
28.21667,normal-autofire,-2942,-0.143697,0.762609,-0.052000,0,0,0,0
28.21667,normal-autofire,-2916,-0.199019,0.276944,-0.052000,0,0,0,0
28.22500,normal-autofire,-2942,-0.145488,0.757542,-0.052000,0,0,0,0
28.22500,normal-autofire,-2916,-0.199735,0.258824,-0.052000,0,0,0,0
28.23333,normal-autofire,-2942,-0.147487,0.751886,-0.052000,0,0,0,0
28.23333,normal-autofire,-2916,-0.200450,0.240026,-0.052000,0,0,0,0
28.24167,normal-autofire,-2942,-0.149693,0.745641,-0.052000,0,0,0,0
28.24167,normal-autofire,-2916,-0.201166,0.220549,-0.052000,0,0,0,0
28.25000,normal-autofire,-2942,-0.152108,0.738807,-0.052000,0,0,0,0
28.25833,normal-autofire,-2942,-0.154523,0.731293,-0.052000,0,0,0,0
28.26667,normal-autofire,-2942,-0.156937,0.723099,-0.052000,0,0,0,0
28.27500,normal-autofire,-2942,-0.157494,0.714267,-0.052000,0,0,0,0
28.28333,normal-autofire,-2942,-0.157275,0.713952,-0.052000,0,0,0,0
28.29167,normal-autofire,-2942,-0.156920,0.713814,-0.052000,0,0,0,0
28.30000,normal-autofire,-2942,-0.156434,0.713656,-0.052000,0,0,0,0
28.30833,normal-autofire,-2942,-0.155786,0.713400,-0.052000,0,0,0,0
28.31667,normal-autofire,-2942,-0.154943,0.712957,-0.052000,0,0,0,0
28.32500,normal-autofire,-2942,-0.153899,0.712188,-0.052000,0,0,0,0
28.33333,normal-autofire,-2942,-0.152730,0.710885,-0.052000,0,0,0,0
28.34167,normal-autofire,-2942,-0.151562,0.708901,-0.052000,0,0,0,0
28.35000,normal-autofire,-2942,-0.151112,0.706290,-0.052000,0,0,0,0
28.35833,normal-autofire,-2942,-0.151023,0.703025,-0.052000,0,0,0,0
28.36667,normal-autofire,-2942,-0.151005,0.699085,-0.052000,0,0,0,0
28.37500,normal-autofire,-2942,-0.151001,0.694465,-0.052000,0,0,0,0
28.38333,normal-autofire,-2942,-0.153723,0.691403,-0.052000,0,0,0,0
28.39167,normal-autofire,-2942,-0.156083,0.687364,-0.052000,0,0,0,0
28.40000,normal-autofire,-2942,-0.154548,0.686835,-0.052000,0,0,0,0
28.40833,normal-autofire,-2942,-0.153456,0.684988,-0.052000,0,0,0,0
28.41667,normal-autofire,-2942,-0.152397,0.682439,-0.052000,0,0,0,0
28.42500,normal-autofire,-2968,-0.232000,0.234000,-0.052000,0,0,0,0
28.42500,normal-autofire,-2942,-0.151339,0.679209,-0.052000,0,0,0,0
28.43333,normal-autofire,-2968,-0.232000,0.263315,-0.052000,0,0,0,0
28.43333,normal-autofire,-2942,-0.151068,0.675358,-0.052000,0,0,0,0
28.44167,normal-autofire,-2968,-0.232000,0.291945,-0.052000,0,0,0,0
28.44167,normal-autofire,-2942,-0.151014,0.670842,-0.052000,0,0,0,0
28.45000,normal-autofire,-2968,-0.232000,0.319891,-0.052000,0,0,0,0
28.45000,normal-autofire,-2942,-0.151003,0.665648,-0.052000,0,0,0,0
28.45833,normal-autofire,-2968,-0.232000,0.347152,-0.052000,0,0,0,0
28.45833,normal-autofire,-2942,-0.151001,0.659775,-0.052000,0,0,0,0
28.46667,normal-autofire,-2968,-0.232000,0.373728,-0.052000,0,0,0,0
28.46667,normal-autofire,-2942,-0.151000,0.653222,-0.052000,0,0,0,0
28.47500,normal-autofire,-2968,-0.232000,0.399620,-0.052000,0,0,0,0
28.47500,normal-autofire,-2942,-0.151000,0.645988,-0.052000,0,0,0,0
28.48333,normal-autofire,-2968,-0.232000,0.424827,-0.052000,0,0,0,0
28.48333,normal-autofire,-2942,-0.151000,0.638074,-0.052000,0,0,0,0
28.49167,normal-autofire,-2968,-0.232000,0.449350,-0.052000,0,0,0,0
28.49167,normal-autofire,-2942,-0.151000,0.630176,-0.052000,0,0,0,0
28.50000,normal-autofire,-2968,-0.232000,0.473189,-0.052000,0,0,0,0
28.50000,normal-autofire,-2942,-0.157009,0.627190,-0.052000,0,0,0,0
28.50833,normal-autofire,-2968,-0.232000,0.496344,-0.052000,0,0,0,0
28.50833,normal-autofire,-2942,-0.163017,0.623522,-0.052000,0,0,0,0
28.51667,normal-autofire,-2968,-0.231768,0.518793,-0.052000,0,0,0,0
28.51667,normal-autofire,-2942,-0.169025,0.619174,-0.052000,0,0,0,0
28.52500,normal-autofire,-2968,-0.231433,0.540549,-0.052000,0,0,0,0
28.52500,normal-autofire,-2942,-0.175032,0.614145,-0.052000,0,0,0,0
28.53333,normal-autofire,-2968,-0.231088,0.561620,-0.052000,0,0,0,0
28.53333,normal-autofire,-2942,-0.181038,0.608436,-0.052000,0,0,0,0
28.54167,normal-autofire,-2968,-0.230743,0.582008,-0.052000,0,0,0,0
28.54167,normal-autofire,-2942,-0.187043,0.602046,-0.052000,0,0,0,0
28.55000,normal-autofire,-2968,-0.230397,0.601711,-0.052000,0,0,0,0
28.55000,normal-autofire,-2942,-0.193048,0.594976,-0.052000,0,0,0,0
28.55833,normal-autofire,-2968,-0.230052,0.620731,-0.052000,0,0,0,0
28.55833,normal-autofire,-2942,-0.196333,0.590734,-0.052000,0,0,0,0
28.56667,normal-autofire,-2968,-0.229707,0.639068,-0.052000,0,0,0,0
28.56667,normal-autofire,-2942,-0.192976,0.583203,-0.052000,0,0,0,0
28.57500,normal-autofire,-2968,-0.229361,0.656720,-0.052000,0,0,0,0
28.57500,normal-autofire,-2942,-0.189620,0.574991,-0.052000,0,0,0,0
28.58333,normal-autofire,-2968,-0.224506,0.671764,-0.052000,0,0,0,0
28.58333,normal-autofire,-2942,-0.186264,0.566099,-0.052000,0,0,0,0
28.59167,normal-autofire,-2968,-0.219650,0.686125,-0.052000,0,0,0,0
28.59167,normal-autofire,-2942,-0.182908,0.556527,-0.052000,0,0,0,0
28.60000,normal-autofire,-2968,-0.214796,0.699803,-0.052000,0,0,0,0
28.60000,normal-autofire,-2942,-0.182027,0.553836,-0.052000,0,0,0,0
28.60833,normal-autofire,-2968,-0.214911,0.712730,-0.052000,0,0,0,0
28.60833,normal-autofire,-2942,-0.188327,0.548175,-0.052000,0,0,0,0
28.61667,normal-autofire,-2968,-0.214342,0.724983,-0.052000,0,0,0,0
28.61667,normal-autofire,-2942,-0.194626,0.541834,-0.052000,0,0,0,0
28.62500,normal-autofire,-2968,-0.213670,0.736555,-0.052000,0,0,0,0
28.62500,normal-autofire,-2942,-0.195960,0.540346,-0.052000,0,0,0,0
28.63333,normal-autofire,-2968,-0.213010,0.747444,-0.052000,0,0,0,0
28.63333,normal-autofire,-2942,-0.193372,0.532706,-0.052000,0,0,0,0
28.64167,normal-autofire,-2968,-0.212343,0.757651,-0.052000,0,0,0,0
28.64167,normal-autofire,-2942,-0.190786,0.524386,-0.052000,0,0,0,0
28.65000,normal-autofire,-2968,-0.209530,0.766409,-0.052000,0,0,0,0
28.65000,normal-autofire,-2942,-0.188199,0.515386,-0.052000,0,0,0,0
28.65833,normal-autofire,-2968,-0.206802,0.774505,-0.052000,0,0,0,0
28.65833,normal-autofire,-2942,-0.185613,0.505706,-0.052000,0,0,0,0
28.66667,normal-autofire,-2968,-0.202245,0.779462,-0.052000,0,0,0,0
28.66667,normal-autofire,-2942,-0.183027,0.495345,-0.052000,0,0,0,0
28.67500,normal-autofire,-2968,-0.197690,0.783736,-0.052000,0,0,0,0
28.67500,normal-autofire,-2942,-0.182766,0.484480,-0.052000,0,0,0,0
28.68333,normal-autofire,-2968,-0.193134,0.787329,-0.052000,0,0,0,0
28.68333,normal-autofire,-2942,-0.182713,0.472950,-0.052000,0,0,0,0
28.69167,normal-autofire,-2968,-0.188580,0.790240,-0.052000,0,0,0,0
28.69167,normal-autofire,-2942,-0.187741,0.465084,-0.052000,0,0,0,0
28.70000,normal-autofire,-2968,-0.184025,0.792470,-0.052000,0,0,0,0
28.70000,normal-autofire,-2942,-0.192769,0.456538,-0.052000,0,0,0,0
28.70833,normal-autofire,-2968,-0.179472,0.794018,-0.052000,0,0,0,0
28.70833,normal-autofire,-2942,-0.195341,0.451818,-0.052000,0,0,0,0
28.71667,normal-autofire,-2968,-0.174919,0.794885,-0.052000,0,0,0,0
28.71667,normal-autofire,-2942,-0.193240,0.441962,-0.052000,0,0,0,0
28.72500,normal-autofire,-2968,-0.170367,0.795070,-0.052000,0,0,0,0
28.72500,normal-autofire,-2942,-0.191140,0.431426,-0.052000,0,0,0,0
28.73333,normal-autofire,-2968,-0.165815,0.794575,-0.052000,0,0,0,0
28.73333,normal-autofire,-2942,-0.191857,0.420780,-0.052000,0,0,0,0
28.74167,normal-autofire,-2968,-0.161263,0.793398,-0.052000,0,0,0,0
28.74167,normal-autofire,-2942,-0.192574,0.409454,-0.052000,0,0,0,0
28.75000,normal-autofire,-2968,-0.156713,0.791540,-0.052000,0,0,0,0
28.75000,normal-autofire,-2942,-0.193290,0.397449,-0.052000,0,0,0,0
28.75833,normal-autofire,-2968,-0.152163,0.789001,-0.052000,0,0,0,0
28.75833,normal-autofire,-2942,-0.194007,0.384763,-0.052000,0,0,0,0
28.76667,normal-autofire,-2968,-0.147613,0.785782,-0.052000,0,0,0,0
28.76667,normal-autofire,-2942,-0.194723,0.371399,-0.052000,0,0,0,0
28.77500,normal-autofire,-2968,-0.143064,0.781882,-0.052000,0,0,0,0
28.77500,normal-autofire,-2942,-0.195439,0.357354,-0.052000,0,0,0,0
28.78333,normal-autofire,-2968,-0.138516,0.777301,-0.052000,0,0,0,0
28.78333,normal-autofire,-2942,-0.196155,0.342631,-0.052000,0,0,0,0
28.79167,normal-autofire,-2968,-0.139466,0.774591,-0.052000,0,0,0,0
28.79167,normal-autofire,-2942,-0.196871,0.327228,-0.052000,0,0,0,0
28.80000,normal-autofire,-2968,-0.140627,0.771298,-0.052000,0,0,0,0
28.80000,normal-autofire,-2942,-0.197587,0.311145,-0.052000,0,0,0,0
28.80833,normal-autofire,-2968,-0.141999,0.767417,-0.052000,0,0,0,0
28.80833,normal-autofire,-2942,-0.198303,0.294384,-0.052000,0,0,0,0
28.81667,normal-autofire,-2968,-0.143578,0.762947,-0.052000,0,0,0,0
28.81667,normal-autofire,-2942,-0.199019,0.276944,-0.052000,0,0,0,0
28.82500,normal-autofire,-2968,-0.145366,0.757888,-0.052000,0,0,0,0
28.82500,normal-autofire,-2942,-0.199735,0.258824,-0.052000,0,0,0,0
28.83333,normal-autofire,-2968,-0.147361,0.752241,-0.052000,0,0,0,0
28.83333,normal-autofire,-2942,-0.200450,0.240026,-0.052000,0,0,0,0
28.84167,normal-autofire,-2968,-0.149565,0.746004,-0.052000,0,0,0,0
28.84167,normal-autofire,-2942,-0.201166,0.220549,-0.052000,0,0,0,0
28.85000,normal-autofire,-2968,-0.151977,0.739179,-0.052000,0,0,0,0
28.85833,normal-autofire,-2968,-0.154388,0.731673,-0.052000,0,0,0,0
28.86667,normal-autofire,-2968,-0.156800,0.723487,-0.052000,0,0,0,0
28.87500,normal-autofire,-2968,-0.157450,0.714662,-0.052000,0,0,0,0
28.88333,normal-autofire,-2968,-0.157379,0.714052,-0.052000,0,0,0,0
28.89167,normal-autofire,-2968,-0.157141,0.713882,-0.052000,0,0,0,0
28.90000,normal-autofire,-2968,-0.156763,0.713761,-0.052000,0,0,0,0
28.90833,normal-autofire,-2968,-0.156251,0.713588,-0.052000,0,0,0,0
28.91667,normal-autofire,-2968,-0.155565,0.713295,-0.052000,0,0,0,0
28.92500,normal-autofire,-2968,-0.154678,0.712785,-0.052000,0,0,0,0
28.93333,normal-autofire,-2968,-0.153596,0.711902,-0.052000,0,0,0,0
28.94167,normal-autofire,-2968,-0.152433,0.710424,-0.052000,0,0,0,0
28.95000,normal-autofire,-2968,-0.151270,0.708265,-0.052000,0,0,0,0
28.95833,normal-autofire,-2968,-0.151054,0.705495,-0.052000,0,0,0,0
28.96667,normal-autofire,-2968,-0.151011,0.702058,-0.052000,0,0,0,0
28.97500,normal-autofire,-2968,-0.151002,0.697943,-0.052000,0,0,0,0
28.98333,normal-autofire,-2968,-0.151000,0.693148,-0.052000,0,0,0,0
28.99167,normal-autofire,-2968,-0.153836,0.689195,-0.052000,0,0,0,0
29.00000,normal-autofire,-2968,-0.155799,0.684093,-0.052000,0,0,0,0
29.00833,normal-autofire,-2968,-0.153449,0.679190,-0.052000,0,0,0,0
29.01667,normal-autofire,-2968,-0.152782,0.673264,-0.052000,0,0,0,0
29.02500,normal-autofire,-2994,-0.232000,0.234000,-0.052000,0,0,0,0
29.02500,normal-autofire,-2968,-0.152115,0.666657,-0.052000,0,0,0,0
29.03333,normal-autofire,-2994,-0.232000,0.263315,-0.052000,0,0,0,0
29.03333,normal-autofire,-2968,-0.151448,0.659370,-0.052000,0,0,0,0
29.04167,normal-autofire,-2994,-0.232000,0.291945,-0.052000,0,0,0,0
29.04167,normal-autofire,-2968,-0.151090,0.651425,-0.052000,0,0,0,0
29.05000,normal-autofire,-2994,-0.232000,0.319891,-0.052000,0,0,0,0
29.05000,normal-autofire,-2968,-0.151018,0.642822,-0.052000,0,0,0,0
29.05833,normal-autofire,-2994,-0.232000,0.347152,-0.052000,0,0,0,0
29.05833,normal-autofire,-2968,-0.151004,0.633543,-0.052000,0,0,0,0
29.06667,normal-autofire,-2994,-0.232000,0.373728,-0.052000,0,0,0,0
29.06667,normal-autofire,-2968,-0.151003,0.630174,-0.052000,0,0,0,0
29.07500,normal-autofire,-2994,-0.232000,0.399620,-0.052000,0,0,0,0
29.07500,normal-autofire,-2968,-0.157964,0.626820,-0.052000,0,0,0,0
29.08333,normal-autofire,-2994,-0.232000,0.424827,-0.052000,0,0,0,0
29.08333,normal-autofire,-2968,-0.164925,0.622786,-0.052000,0,0,0,0
29.09167,normal-autofire,-2994,-0.232000,0.449350,-0.052000,0,0,0,0
29.09167,normal-autofire,-2968,-0.171885,0.618070,-0.052000,0,0,0,0
29.10000,normal-autofire,-2994,-0.232000,0.473189,-0.052000,0,0,0,0
29.10000,normal-autofire,-2968,-0.178844,0.612675,-0.052000,0,0,0,0
29.10833,normal-autofire,-2994,-0.232000,0.496344,-0.052000,0,0,0,0
29.10833,normal-autofire,-2968,-0.185803,0.606599,-0.052000,0,0,0,0
29.11667,normal-autofire,-2994,-0.231768,0.518793,-0.052000,0,0,0,0
29.11667,normal-autofire,-2968,-0.192760,0.599842,-0.052000,0,0,0,0
29.12500,normal-autofire,-2994,-0.231433,0.540549,-0.052000,0,0,0,0
29.12500,normal-autofire,-2968,-0.197893,0.594354,-0.052000,0,0,0,0
29.13333,normal-autofire,-2994,-0.231088,0.561620,-0.052000,0,0,0,0
29.13333,normal-autofire,-2968,-0.192874,0.590894,-0.052000,0,0,0,0
29.14167,normal-autofire,-2994,-0.230743,0.582008,-0.052000,0,0,0,0
29.14167,normal-autofire,-2968,-0.187855,0.586753,-0.052000,0,0,0,0
29.15000,normal-autofire,-2994,-0.230397,0.601711,-0.052000,0,0,0,0
29.15000,normal-autofire,-2968,-0.182836,0.581932,-0.052000,0,0,0,0
29.15833,normal-autofire,-2994,-0.230052,0.620731,-0.052000,0,0,0,0
29.15833,normal-autofire,-2968,-0.177819,0.576430,-0.052000,0,0,0,0
29.16667,normal-autofire,-2994,-0.229707,0.639068,-0.052000,0,0,0,0
29.16667,normal-autofire,-2968,-0.176334,0.574601,-0.052000,0,0,0,0
29.17500,normal-autofire,-2994,-0.229361,0.656720,-0.052000,0,0,0,0
29.17500,normal-autofire,-2968,-0.180259,0.573322,-0.052000,0,0,0,0
29.18333,normal-autofire,-2994,-0.224506,0.671764,-0.052000,0,0,0,0
29.18333,normal-autofire,-2968,-0.184182,0.571362,-0.052000,0,0,0,0
29.19167,normal-autofire,-2994,-0.219650,0.686125,-0.052000,0,0,0,0
29.19167,normal-autofire,-2968,-0.188106,0.568721,-0.052000,0,0,0,0
29.20000,normal-autofire,-2994,-0.214796,0.699803,-0.052000,0,0,0,0
29.20000,normal-autofire,-2968,-0.192029,0.565399,-0.052000,0,0,0,0
29.20833,normal-autofire,-2994,-0.214911,0.712730,-0.052000,0,0,0,0
29.20833,normal-autofire,-2968,-0.195951,0.561396,-0.052000,0,0,0,0
29.21667,normal-autofire,-2994,-0.214342,0.724983,-0.052000,0,0,0,0
29.21667,normal-autofire,-2968,-0.196045,0.557027,-0.052000,0,0,0,0
29.22500,normal-autofire,-2994,-0.213670,0.736555,-0.052000,0,0,0,0
29.22500,normal-autofire,-2968,-0.196035,0.551985,-0.052000,0,0,0,0
29.23333,normal-autofire,-2994,-0.213010,0.747444,-0.052000,0,0,0,0
29.23333,normal-autofire,-2968,-0.196000,0.546265,-0.052000,0,0,0,0
29.24167,normal-autofire,-2994,-0.212343,0.757651,-0.052000,0,0,0,0
29.24167,normal-autofire,-2968,-0.195956,0.539866,-0.052000,0,0,0,0
29.25000,normal-autofire,-2994,-0.209413,0.766327,-0.052000,0,0,0,0
29.25000,normal-autofire,-2968,-0.195907,0.532786,-0.052000,0,0,0,0
29.25833,normal-autofire,-2994,-0.206795,0.774436,-0.052000,0,0,0,0
29.25833,normal-autofire,-2968,-0.195852,0.525027,-0.052000,0,0,0,0
29.26667,normal-autofire,-2994,-0.202251,0.779379,-0.052000,0,0,0,0
29.26667,normal-autofire,-2968,-0.195793,0.516587,-0.052000,0,0,0,0
29.27500,normal-autofire,-2994,-0.197709,0.783640,-0.052000,0,0,0,0
29.27500,normal-autofire,-2968,-0.195730,0.507469,-0.052000,0,0,0,0
29.28333,normal-autofire,-2994,-0.193166,0.787219,-0.052000,0,0,0,0
29.28333,normal-autofire,-2968,-0.195661,0.497670,-0.052000,0,0,0,0
29.29167,normal-autofire,-2994,-0.188624,0.790117,-0.052000,0,0,0,0
29.29167,normal-autofire,-2968,-0.195588,0.487192,-0.052000,0,0,0,0
29.30000,normal-autofire,-2994,-0.184083,0.792334,-0.052000,0,0,0,0
29.30000,normal-autofire,-2968,-0.195510,0.476034,-0.052000,0,0,0,0
29.30833,normal-autofire,-2994,-0.179543,0.793869,-0.052000,0,0,0,0
29.30833,normal-autofire,-2968,-0.195427,0.464197,-0.052000,0,0,0,0
29.31667,normal-autofire,-2994,-0.175003,0.794722,-0.052000,0,0,0,0
29.31667,normal-autofire,-2968,-0.195340,0.451681,-0.052000,0,0,0,0
29.32500,normal-autofire,-2994,-0.170463,0.794894,-0.052000,0,0,0,0
29.32500,normal-autofire,-2968,-0.195248,0.438486,-0.052000,0,0,0,0
29.33333,normal-autofire,-2994,-0.165924,0.794385,-0.052000,0,0,0,0
29.33333,normal-autofire,-2968,-0.195155,0.424611,-0.052000,0,0,0,0
29.34167,normal-autofire,-2994,-0.161386,0.793195,-0.052000,0,0,0,0
29.34167,normal-autofire,-2968,-0.195063,0.410056,-0.052000,0,0,0,0
29.35000,normal-autofire,-2994,-0.156848,0.791324,-0.052000,0,0,0,0
29.35000,normal-autofire,-2968,-0.194971,0.394822,-0.052000,0,0,0,0
29.35833,normal-autofire,-2994,-0.152311,0.788773,-0.052000,0,0,0,0
29.35833,normal-autofire,-2968,-0.194879,0.378909,-0.052000,0,0,0,0
29.36667,normal-autofire,-2994,-0.147774,0.785540,-0.052000,0,0,0,0
29.36667,normal-autofire,-2968,-0.194787,0.362317,-0.052000,0,0,0,0
29.37500,normal-autofire,-2994,-0.143238,0.781626,-0.052000,0,0,0,0
29.37500,normal-autofire,-2968,-0.194694,0.345046,-0.052000,0,0,0,0
29.38333,normal-autofire,-2994,-0.138703,0.777032,-0.052000,0,0,0,0
29.38333,normal-autofire,-2968,-0.194602,0.327096,-0.052000,0,0,0,0
29.39167,normal-autofire,-2994,-0.139592,0.774285,-0.052000,0,0,0,0
29.39167,normal-autofire,-2968,-0.194510,0.308466,-0.052000,0,0,0,0
29.40000,normal-autofire,-2994,-0.140744,0.770979,-0.052000,0,0,0,0
29.40000,normal-autofire,-2968,-0.194418,0.289158,-0.052000,0,0,0,0
29.40833,normal-autofire,-2994,-0.142116,0.767088,-0.052000,0,0,0,0
29.40833,normal-autofire,-2968,-0.194326,0.269171,-0.052000,0,0,0,0
29.41667,normal-autofire,-2994,-0.143697,0.762609,-0.052000,0,0,0,0
29.41667,normal-autofire,-2968,-0.194234,0.248506,-0.052000,0,0,0,0
29.42500,normal-autofire,-2994,-0.145488,0.757542,-0.052000,0,0,0,0
29.42500,normal-autofire,-2968,-0.194142,0.227162,-0.052000,0,0,0,0
29.43333,normal-autofire,-2994,-0.147487,0.751886,-0.052000,0,0,0,0
29.43333,normal-autofire,-2968,-0.194092,0.215157,-0.052000,0,0,0,0
29.44167,normal-autofire,-2994,-0.149693,0.745641,-0.052000,0,0,0,0
29.45000,normal-autofire,-2994,-0.152108,0.738807,-0.052000,0,0,0,0
29.45833,normal-autofire,-2994,-0.154523,0.731293,-0.052000,0,0,0,0
29.46667,normal-autofire,-2994,-0.156937,0.723099,-0.052000,0,0,0,0
29.47500,normal-autofire,-2994,-0.157494,0.714267,-0.052000,0,0,0,0
29.48333,normal-autofire,-2994,-0.157275,0.713952,-0.052000,0,0,0,0
29.49167,normal-autofire,-2994,-0.156920,0.713814,-0.052000,0,0,0,0
29.50000,normal-autofire,-2994,-0.156434,0.713656,-0.052000,0,0,0,0
29.50833,normal-autofire,-2994,-0.155786,0.713400,-0.052000,0,0,0,0
29.51667,normal-autofire,-2994,-0.154943,0.712957,-0.052000,0,0,0,0
29.52500,normal-autofire,-2994,-0.153899,0.712188,-0.052000,0,0,0,0
29.53333,normal-autofire,-2994,-0.152730,0.710885,-0.052000,0,0,0,0
29.54167,normal-autofire,-2994,-0.151562,0.708901,-0.052000,0,0,0,0
29.55000,normal-autofire,-2994,-0.151112,0.706290,-0.052000,0,0,0,0
29.55833,normal-autofire,-2994,-0.151023,0.703025,-0.052000,0,0,0,0
29.56667,normal-autofire,-2994,-0.151005,0.699085,-0.052000,0,0,0,0
29.57500,normal-autofire,-2994,-0.151001,0.694465,-0.052000,0,0,0,0
29.58333,normal-autofire,-2994,-0.153723,0.691403,-0.052000,0,0,0,0
29.59167,normal-autofire,-2994,-0.156083,0.687364,-0.052000,0,0,0,0
29.60000,normal-autofire,-2994,-0.154548,0.686835,-0.052000,0,0,0,0
29.60833,normal-autofire,-2994,-0.153456,0.684988,-0.052000,0,0,0,0
29.61667,normal-autofire,-2994,-0.152397,0.682439,-0.052000,0,0,0,0
29.62500,normal-autofire,-2994,-0.151339,0.679209,-0.052000,0,0,0,0
29.62500,normal-autofire,-3008,-0.232000,0.234000,-0.052000,0,0,0,0
29.63333,normal-autofire,-2994,-0.151068,0.675358,-0.052000,0,0,0,0
29.63333,normal-autofire,-3008,-0.232000,0.263315,-0.052000,0,0,0,0
29.64167,normal-autofire,-2994,-0.151014,0.670842,-0.052000,0,0,0,0
29.64167,normal-autofire,-3008,-0.232000,0.291945,-0.052000,0,0,0,0
29.65000,normal-autofire,-2994,-0.151003,0.665648,-0.052000,0,0,0,0
29.65000,normal-autofire,-3008,-0.232000,0.319891,-0.052000,0,0,0,0
29.65833,normal-autofire,-2994,-0.151001,0.659775,-0.052000,0,0,0,0
29.65833,normal-autofire,-3008,-0.232000,0.347152,-0.052000,0,0,0,0
29.66667,normal-autofire,-2994,-0.151000,0.653222,-0.052000,0,0,0,0
29.66667,normal-autofire,-3008,-0.232000,0.373728,-0.052000,0,0,0,0
29.67500,normal-autofire,-2994,-0.151000,0.645988,-0.052000,0,0,0,0
29.67500,normal-autofire,-3008,-0.232000,0.399620,-0.052000,0,0,0,0
29.68333,normal-autofire,-2994,-0.151000,0.638074,-0.052000,0,0,0,0
29.68333,normal-autofire,-3008,-0.232000,0.424827,-0.052000,0,0,0,0
29.69167,normal-autofire,-2994,-0.151000,0.630176,-0.052000,0,0,0,0
29.69167,normal-autofire,-3008,-0.232000,0.449350,-0.052000,0,0,0,0
29.70000,normal-autofire,-2994,-0.157009,0.627190,-0.052000,0,0,0,0
29.70000,normal-autofire,-3008,-0.232000,0.473189,-0.052000,0,0,0,0
29.70833,normal-autofire,-2994,-0.163017,0.623522,-0.052000,0,0,0,0
29.70833,normal-autofire,-3008,-0.232000,0.496344,-0.052000,0,0,0,0
29.71667,normal-autofire,-2994,-0.169025,0.619174,-0.052000,0,0,0,0
29.71667,normal-autofire,-3008,-0.231768,0.518793,-0.052000,0,0,0,0
29.72500,normal-autofire,-2994,-0.175032,0.614145,-0.052000,0,0,0,0
29.72500,normal-autofire,-3008,-0.231433,0.540549,-0.052000,0,0,0,0
29.73333,normal-autofire,-2994,-0.181038,0.608436,-0.052000,0,0,0,0
29.73333,normal-autofire,-3008,-0.231088,0.561620,-0.052000,0,0,0,0
29.74167,normal-autofire,-2994,-0.187043,0.602046,-0.052000,0,0,0,0
29.74167,normal-autofire,-3008,-0.230743,0.582008,-0.052000,0,0,0,0
29.75000,normal-autofire,-2994,-0.193048,0.594976,-0.052000,0,0,0,0
29.75000,normal-autofire,-3008,-0.230397,0.601711,-0.052000,0,0,0,0
29.75833,normal-autofire,-2994,-0.196333,0.590734,-0.052000,0,0,0,0
29.75833,normal-autofire,-3008,-0.230052,0.620731,-0.052000,0,0,0,0
29.76667,normal-autofire,-2994,-0.192976,0.583203,-0.052000,0,0,0,0
29.76667,normal-autofire,-3008,-0.229707,0.639068,-0.052000,0,0,0,0
29.77500,normal-autofire,-2994,-0.189620,0.574991,-0.052000,0,0,0,0
29.77500,normal-autofire,-3008,-0.229361,0.656720,-0.052000,0,0,0,0
29.78333,normal-autofire,-2994,-0.186264,0.566099,-0.052000,0,0,0,0
29.78333,normal-autofire,-3008,-0.224506,0.671764,-0.052000,0,0,0,0
29.79167,normal-autofire,-2994,-0.182908,0.556527,-0.052000,0,0,0,0
29.79167,normal-autofire,-3008,-0.219650,0.686125,-0.052000,0,0,0,0
29.80000,normal-autofire,-2994,-0.182027,0.553836,-0.052000,0,0,0,0
29.80000,normal-autofire,-3008,-0.214796,0.699803,-0.052000,0,0,0,0
29.80833,normal-autofire,-2994,-0.188327,0.548175,-0.052000,0,0,0,0
29.80833,normal-autofire,-3008,-0.214911,0.712730,-0.052000,0,0,0,0
29.81667,normal-autofire,-2994,-0.194626,0.541834,-0.052000,0,0,0,0
29.81667,normal-autofire,-3008,-0.214342,0.724983,-0.052000,0,0,0,0
29.82500,normal-autofire,-2994,-0.195960,0.540346,-0.052000,0,0,0,0
29.82500,normal-autofire,-3008,-0.213670,0.736555,-0.052000,0,0,0,0
29.83333,normal-autofire,-2994,-0.193372,0.532706,-0.052000,0,0,0,0
29.83333,normal-autofire,-3008,-0.213010,0.747444,-0.052000,0,0,0,0
29.84167,normal-autofire,-2994,-0.190786,0.524386,-0.052000,0,0,0,0
29.84167,normal-autofire,-3008,-0.212343,0.757651,-0.052000,0,0,0,0
29.85000,normal-autofire,-2994,-0.188199,0.515386,-0.052000,0,0,0,0
29.85000,normal-autofire,-3008,-0.209413,0.766327,-0.052000,0,0,0,0
29.85833,normal-autofire,-2994,-0.185613,0.505706,-0.052000,0,0,0,0
29.85833,normal-autofire,-3008,-0.206795,0.774436,-0.052000,0,0,0,0
29.86667,normal-autofire,-2994,-0.183027,0.495345,-0.052000,0,0,0,0
29.86667,normal-autofire,-3008,-0.202251,0.779379,-0.052000,0,0,0,0
29.87500,normal-autofire,-2994,-0.182766,0.484480,-0.052000,0,0,0,0
29.87500,normal-autofire,-3008,-0.197709,0.783640,-0.052000,0,0,0,0
29.88333,normal-autofire,-2994,-0.182713,0.472950,-0.052000,0,0,0,0
29.88333,normal-autofire,-3008,-0.193166,0.787219,-0.052000,0,0,0,0
29.89167,normal-autofire,-2994,-0.187741,0.465084,-0.052000,0,0,0,0
29.89167,normal-autofire,-3008,-0.188624,0.790117,-0.052000,0,0,0,0
29.90000,normal-autofire,-2994,-0.192769,0.456538,-0.052000,0,0,0,0
29.90000,normal-autofire,-3008,-0.184083,0.792334,-0.052000,0,0,0,0
29.90833,normal-autofire,-2994,-0.195341,0.451818,-0.052000,0,0,0,0
29.90833,normal-autofire,-3008,-0.179543,0.793869,-0.052000,0,0,0,0
29.91667,normal-autofire,-2994,-0.193240,0.441962,-0.052000,0,0,0,0
29.91667,normal-autofire,-3008,-0.175003,0.794722,-0.052000,0,0,0,0
29.92500,normal-autofire,-2994,-0.191140,0.431426,-0.052000,0,0,0,0
29.92500,normal-autofire,-3008,-0.170463,0.794894,-0.052000,0,0,0,0
29.93333,normal-autofire,-2994,-0.191857,0.420780,-0.052000,0,0,0,0
29.93333,normal-autofire,-3008,-0.165924,0.794385,-0.052000,0,0,0,0
29.94167,normal-autofire,-2994,-0.192574,0.409454,-0.052000,0,0,0,0
29.94167,normal-autofire,-3008,-0.161386,0.793195,-0.052000,0,0,0,0
29.95000,normal-autofire,-2994,-0.193290,0.397449,-0.052000,0,0,0,0
29.95000,normal-autofire,-3008,-0.156848,0.791324,-0.052000,0,0,0,0
29.95833,normal-autofire,-2994,-0.194007,0.384763,-0.052000,0,0,0,0
29.95833,normal-autofire,-3008,-0.152311,0.788773,-0.052000,0,0,0,0
29.96667,normal-autofire,-2994,-0.194723,0.371399,-0.052000,0,0,0,0
29.96667,normal-autofire,-3008,-0.147774,0.785540,-0.052000,0,0,0,0
29.97500,normal-autofire,-2994,-0.195439,0.357354,-0.052000,0,0,0,0
29.97500,normal-autofire,-3008,-0.143238,0.781626,-0.052000,0,0,0,0
29.98333,normal-autofire,-2994,-0.196155,0.342631,-0.052000,0,0,0,0
29.98333,normal-autofire,-3008,-0.138703,0.777032,-0.052000,0,0,0,0
29.99167,normal-autofire,-2994,-0.196871,0.327228,-0.052000,0,0,0,0
29.99167,normal-autofire,-3008,-0.139592,0.774285,-0.052000,0,0,0,0
30.00000,normal-autofire,-2994,-0.197587,0.311145,-0.052000,0,0,0,0
30.00000,normal-autofire,-3008,-0.140744,0.770979,-0.052000,0,0,0,0
30.00833,normal-autofire,-2994,-0.198303,0.294384,-0.052000,0,0,0,0
30.00833,normal-autofire,-3008,-0.142116,0.767088,-0.052000,0,0,0,0
30.01667,normal-autofire,-2994,-0.199019,0.276944,-0.052000,0,0,0,0
30.01667,normal-autofire,-3008,-0.143697,0.762609,-0.052000,0,0,0,0
30.02500,normal-autofire,-2994,-0.199735,0.258824,-0.052000,0,0,0,0
30.02500,normal-autofire,-3008,-0.145488,0.757542,-0.052000,0,0,0,0
30.03333,normal-autofire,-2994,-0.200450,0.240026,-0.052000,0,0,0,0
30.03333,normal-autofire,-3008,-0.147487,0.751886,-0.052000,0,0,0,0
30.04167,normal-autofire,-2994,-0.201166,0.220549,-0.052000,0,0,0,0
30.04167,normal-autofire,-3008,-0.149693,0.745641,-0.052000,0,0,0,0
30.05000,normal-autofire,-3008,-0.152108,0.738807,-0.052000,0,0,0,0
30.05833,normal-autofire,-3008,-0.154523,0.731293,-0.052000,0,0,0,0
30.06667,normal-autofire,-3008,-0.156937,0.723099,-0.052000,0,0,0,0
30.07500,normal-autofire,-3008,-0.157494,0.714267,-0.052000,0,0,0,0
30.08333,normal-autofire,-3008,-0.157275,0.713952,-0.052000,0,0,0,0
30.09167,normal-autofire,-3008,-0.156920,0.713814,-0.052000,0,0,0,0
30.10000,normal-autofire,-3008,-0.156434,0.713656,-0.052000,0,0,0,0
30.10833,normal-autofire,-3008,-0.155786,0.713400,-0.052000,0,0,0,0
30.11667,normal-autofire,-3008,-0.154943,0.712957,-0.052000,0,0,0,0
30.12500,normal-autofire,-3008,-0.153899,0.712188,-0.052000,0,0,0,0
30.13333,normal-autofire,-3008,-0.152730,0.710885,-0.052000,0,0,0,0
30.14167,normal-autofire,-3008,-0.151562,0.708901,-0.052000,0,0,0,0
30.15000,normal-autofire,-3008,-0.151112,0.706290,-0.052000,0,0,0,0
30.15833,normal-autofire,-3008,-0.151023,0.703025,-0.052000,0,0,0,0
30.16667,normal-autofire,-3008,-0.151005,0.699085,-0.052000,0,0,0,0
30.17500,normal-autofire,-3008,-0.151001,0.694465,-0.052000,0,0,0,0
30.18333,normal-autofire,-3008,-0.153723,0.691403,-0.052000,0,0,0,0
30.19167,normal-autofire,-3008,-0.156083,0.687364,-0.052000,0,0,0,0
30.20000,normal-autofire,-3008,-0.154548,0.686835,-0.052000,0,0,0,0
30.20833,normal-autofire,-3008,-0.153456,0.684988,-0.052000,0,0,0,0
30.21667,normal-autofire,-3008,-0.152397,0.682439,-0.052000,0,0,0,0
30.22500,normal-autofire,-3008,-0.151339,0.679209,-0.052000,0,0,0,0
30.22500,normal-autofire,-3034,-0.232000,0.234000,-0.052000,0,0,0,0
30.23333,normal-autofire,-3008,-0.151068,0.675358,-0.052000,0,0,0,0
30.23333,normal-autofire,-3034,-0.232000,0.263315,-0.052000,0,0,0,0
30.24167,normal-autofire,-3008,-0.151014,0.670842,-0.052000,0,0,0,0
30.24167,normal-autofire,-3034,-0.232000,0.291945,-0.052000,0,0,0,0
30.25000,normal-autofire,-3008,-0.151003,0.665648,-0.052000,0,0,0,0
30.25000,normal-autofire,-3034,-0.232000,0.319891,-0.052000,0,0,0,0
30.25833,normal-autofire,-3008,-0.151001,0.659775,-0.052000,0,0,0,0
30.25833,normal-autofire,-3034,-0.232000,0.347152,-0.052000,0,0,0,0
30.26667,normal-autofire,-3008,-0.151000,0.653222,-0.052000,0,0,0,0
30.26667,normal-autofire,-3034,-0.232000,0.373728,-0.052000,0,0,0,0
30.27500,normal-autofire,-3008,-0.151000,0.645988,-0.052000,0,0,0,0
30.27500,normal-autofire,-3034,-0.232000,0.399620,-0.052000,0,0,0,0
30.28333,normal-autofire,-3008,-0.151000,0.638074,-0.052000,0,0,0,0
30.28333,normal-autofire,-3034,-0.232000,0.424827,-0.052000,0,0,0,0
30.29167,normal-autofire,-3008,-0.151000,0.630176,-0.052000,0,0,0,0
30.29167,normal-autofire,-3034,-0.232000,0.449350,-0.052000,0,0,0,0
30.30000,normal-autofire,-3008,-0.157009,0.627190,-0.052000,0,0,0,0
30.30000,normal-autofire,-3034,-0.232000,0.473189,-0.052000,0,0,0,0
30.30833,normal-autofire,-3008,-0.163017,0.623522,-0.052000,0,0,0,0
30.30833,normal-autofire,-3034,-0.232000,0.496344,-0.052000,0,0,0,0
30.31667,normal-autofire,-3008,-0.169025,0.619174,-0.052000,0,0,0,0
30.31667,normal-autofire,-3034,-0.231768,0.518793,-0.052000,0,0,0,0
30.32500,normal-autofire,-3008,-0.175032,0.614145,-0.052000,0,0,0,0
30.32500,normal-autofire,-3034,-0.231433,0.540549,-0.052000,0,0,0,0
30.33333,normal-autofire,-3008,-0.181038,0.608436,-0.052000,0,0,0,0
30.33333,normal-autofire,-3034,-0.231088,0.561620,-0.052000,0,0,0,0
30.34167,normal-autofire,-3008,-0.187043,0.602046,-0.052000,0,0,0,0
30.34167,normal-autofire,-3034,-0.230743,0.582008,-0.052000,0,0,0,0
30.35000,normal-autofire,-3008,-0.193048,0.594976,-0.052000,0,0,0,0
30.35000,normal-autofire,-3034,-0.230397,0.601711,-0.052000,0,0,0,0
30.35833,normal-autofire,-3008,-0.196333,0.590734,-0.052000,0,0,0,0
30.35833,normal-autofire,-3034,-0.230052,0.620731,-0.052000,0,0,0,0
30.36667,normal-autofire,-3008,-0.192976,0.583203,-0.052000,0,0,0,0
30.36667,normal-autofire,-3034,-0.229707,0.639068,-0.052000,0,0,0,0
30.37500,normal-autofire,-3008,-0.189620,0.574991,-0.052000,0,0,0,0
30.37500,normal-autofire,-3034,-0.229361,0.656720,-0.052000,0,0,0,0
30.38333,normal-autofire,-3008,-0.186264,0.566099,-0.052000,0,0,0,0
30.38333,normal-autofire,-3034,-0.224506,0.671764,-0.052000,0,0,0,0
30.39167,normal-autofire,-3008,-0.182908,0.556527,-0.052000,0,0,0,0
30.39167,normal-autofire,-3034,-0.219650,0.686125,-0.052000,0,0,0,0
30.40000,normal-autofire,-3008,-0.182027,0.553836,-0.052000,1,0,0,0
30.40000,normal-autofire,-3034,-0.214796,0.699803,-0.052000,0,0,0,0
30.40833,normal-autofire,-3008,-0.182500,0.552838,-0.052889,1,0,0,0
30.40833,normal-autofire,-3034,-0.214911,0.712730,-0.052000,0,0,0,0
30.41667,normal-autofire,-3008,-0.182972,0.551841,-0.053777,1,0,0,0
30.41667,normal-autofire,-3034,-0.214342,0.724983,-0.052000,0,0,0,0
30.42500,normal-autofire,-3008,-0.183444,0.550844,-0.054666,1,0,0,0
30.42500,normal-autofire,-3034,-0.213670,0.736555,-0.052000,0,0,0,0
30.43333,normal-autofire,-3008,-0.183916,0.549847,-0.055554,1,0,0,0
30.43333,normal-autofire,-3034,-0.213010,0.747444,-0.052000,0,0,0,0
30.44167,normal-autofire,-3008,-0.184389,0.548850,-0.056443,1,0,0,0
30.44167,normal-autofire,-3034,-0.212343,0.757651,-0.052000,0,0,0,0
30.45000,normal-autofire,-3008,-0.184861,0.547852,-0.057331,1,0,0,0
30.45000,normal-autofire,-3034,-0.209530,0.766409,-0.052000,0,0,0,0
30.45833,normal-autofire,-3008,-0.185333,0.546855,-0.058220,1,0,0,0
30.45833,normal-autofire,-3034,-0.206802,0.774505,-0.052000,0,0,0,0
30.46667,normal-autofire,-3008,-0.185805,0.545858,-0.059108,1,0,0,0
30.46667,normal-autofire,-3034,-0.202245,0.779462,-0.052000,0,0,0,0
30.47500,normal-autofire,-3008,-0.186278,0.544861,-0.059997,1,0,0,0
30.47500,normal-autofire,-3034,-0.197690,0.783736,-0.052000,0,0,0,0
30.48333,normal-autofire,-3008,-0.186750,0.543863,-0.060885,1,0,0,0
30.48333,normal-autofire,-3034,-0.193134,0.787329,-0.052000,0,0,0,0
30.49167,normal-autofire,-3008,-0.187222,0.542866,-0.061774,1,0,0,0
30.49167,normal-autofire,-3034,-0.188580,0.790240,-0.052000,0,0,0,0
30.50000,normal-autofire,-3008,-0.187694,0.541869,-0.062662,1,0,0,0
30.50000,normal-autofire,-3034,-0.184025,0.792470,-0.052000,0,0,0,0
30.50833,normal-autofire,-3008,-0.188167,0.540872,-0.063551,1,0,0,0
30.50833,normal-autofire,-3034,-0.179472,0.794018,-0.052000,0,0,0,0
30.51667,normal-autofire,-3008,-0.188639,0.539874,-0.064439,1,0,0,0
30.51667,normal-autofire,-3034,-0.174919,0.794885,-0.052000,0,0,0,0
30.52500,normal-autofire,-3008,-0.189111,0.538877,-0.065328,1,0,0,0
30.52500,normal-autofire,-3034,-0.170367,0.795070,-0.052000,0,0,0,0
30.53333,normal-autofire,-3008,-0.189583,0.537880,-0.066216,1,0,0,0
30.53333,normal-autofire,-3034,-0.165815,0.794575,-0.052000,0,0,0,0
30.54167,normal-autofire,-3008,-0.190000,0.536892,-0.067127,1,0,0,0
30.54167,normal-autofire,-3034,-0.161263,0.793398,-0.052000,0,0,0,0
30.55000,normal-autofire,-3008,-0.190000,0.535970,-0.068202,1,0,0,0
30.55000,normal-autofire,-3034,-0.156713,0.791540,-0.052000,0,0,0,0
30.55833,normal-autofire,-3008,-0.190000,0.535048,-0.069278,1,0,0,0
30.55833,normal-autofire,-3034,-0.152163,0.789001,-0.052000,0,0,0,0
30.56667,normal-autofire,-3008,-0.190000,0.534126,-0.070353,1,0,0,0
30.56667,normal-autofire,-3034,-0.147613,0.785782,-0.052000,0,0,0,0
30.57500,normal-autofire,-3008,-0.190000,0.533204,-0.071429,1,0,0,0
30.57500,normal-autofire,-3034,-0.143064,0.781882,-0.052000,0,0,0,0
30.58333,normal-autofire,-3008,-0.190000,0.532282,-0.072505,1,0,0,0
30.58333,normal-autofire,-3034,-0.138516,0.777301,-0.052000,0,0,0,0
30.59167,normal-autofire,-3008,-0.190000,0.531360,-0.073580,1,0,0,0
30.59167,normal-autofire,-3034,-0.139466,0.774591,-0.052000,0,0,0,0
30.60000,normal-autofire,-3008,-0.190000,0.530438,-0.074656,1,0,0,0
30.60000,normal-autofire,-3034,-0.140627,0.771298,-0.052000,0,0,0,0
30.60833,normal-autofire,-3008,-0.190000,0.529516,-0.075732,1,0,0,0
30.60833,normal-autofire,-3034,-0.141999,0.767417,-0.052000,0,0,0,0
30.61667,normal-autofire,-3008,-0.190000,0.528594,-0.076807,1,0,0,0
30.61667,normal-autofire,-3034,-0.143578,0.762947,-0.052000,0,0,0,0
30.62500,normal-autofire,-3008,-0.190000,0.527672,-0.077883,1,0,0,0
30.62500,normal-autofire,-3034,-0.145366,0.757888,-0.052000,0,0,0,0
30.63333,normal-autofire,-3008,-0.190000,0.526750,-0.078958,1,0,0,0
30.63333,normal-autofire,-3034,-0.147361,0.752241,-0.052000,0,0,0,0
30.64167,normal-autofire,-3008,-0.190000,0.525828,-0.080034,1,0,0,0
30.64167,normal-autofire,-3034,-0.149565,0.746004,-0.052000,0,0,0,0
30.65000,normal-autofire,-3008,-0.190000,0.524906,-0.081110,1,0,0,0
30.65000,normal-autofire,-3034,-0.151977,0.739179,-0.052000,0,0,0,0
30.65833,normal-autofire,-3008,-0.190000,0.523984,-0.082185,1,0,0,0
30.65833,normal-autofire,-3034,-0.154388,0.731673,-0.052000,0,0,0,0
30.66667,normal-autofire,-3008,-0.190000,0.523062,-0.083261,1,0,0,0
30.66667,normal-autofire,-3034,-0.156800,0.723487,-0.052000,0,0,0,0
30.67500,normal-autofire,-3008,-0.190000,0.522140,-0.084336,1,0,0,0
30.67500,normal-autofire,-3034,-0.157450,0.714662,-0.052000,0,0,0,0
30.68333,normal-autofire,-3008,-0.190000,0.521218,-0.085412,1,0,0,0
30.68333,normal-autofire,-3034,-0.157379,0.714052,-0.052000,0,0,0,0
30.69167,normal-autofire,-3008,-0.190000,0.520296,-0.086488,1,0,0,0
30.69167,normal-autofire,-3034,-0.157141,0.713882,-0.052000,0,0,0,0
30.70000,normal-autofire,-3008,-0.190000,0.519374,-0.087563,1,0,0,0
30.70000,normal-autofire,-3034,-0.156763,0.713761,-0.052000,0,0,0,0
30.70833,normal-autofire,-3008,-0.190000,0.518164,-0.088096,1,0,0,0
30.70833,normal-autofire,-3034,-0.156251,0.713588,-0.052000,0,0,0,0
30.71667,normal-autofire,-3008,-0.190000,0.516757,-0.088259,1,0,0,0
30.71667,normal-autofire,-3034,-0.155565,0.713295,-0.052000,0,0,0,0
30.72500,normal-autofire,-3008,-0.190000,0.515349,-0.088421,1,0,0,0
30.72500,normal-autofire,-3034,-0.154678,0.712785,-0.052000,0,0,0,0
30.73333,normal-autofire,-3008,-0.190000,0.513942,-0.088584,1,0,0,0
30.73333,normal-autofire,-3034,-0.153596,0.711902,-0.052000,0,0,0,0
30.74167,normal-autofire,-3008,-0.190000,0.512535,-0.088746,1,0,0,0
30.74167,normal-autofire,-3034,-0.152433,0.710424,-0.052000,0,0,0,0
30.75000,normal-autofire,-3008,-0.190000,0.511128,-0.088908,1,0,0,0
30.75000,normal-autofire,-3034,-0.151270,0.708265,-0.052000,0,0,0,0
30.75833,normal-autofire,-3008,-0.190000,0.509720,-0.089071,1,0,0,0
30.75833,normal-autofire,-3034,-0.151054,0.705495,-0.052000,0,0,0,0
30.76667,normal-autofire,-3008,-0.190000,0.508313,-0.089233,1,0,0,0
30.76667,normal-autofire,-3034,-0.151011,0.702058,-0.052000,0,0,0,0
30.77500,normal-autofire,-3008,-0.190000,0.506906,-0.089396,1,0,0,0
30.77500,normal-autofire,-3034,-0.151002,0.697943,-0.052000,0,0,0,0
30.78333,normal-autofire,-3008,-0.190000,0.505498,-0.089558,1,0,0,0
30.78333,normal-autofire,-3034,-0.151000,0.693148,-0.052000,0,0,0,0
30.79167,normal-autofire,-3008,-0.190000,0.504091,-0.089720,1,0,0,0
30.79167,normal-autofire,-3034,-0.153836,0.689195,-0.052000,0,0,0,0
30.80000,normal-autofire,-3008,-0.190000,0.502684,-0.089883,1,0,0,0
30.80000,normal-autofire,-3034,-0.155799,0.684093,-0.052000,0,0,0,0
30.80833,normal-autofire,-3008,-0.190000,0.501276,-0.090045,1,0,0,0
30.80833,normal-autofire,-3034,-0.153449,0.679190,-0.052000,0,0,0,0
30.81667,normal-autofire,-3008,-0.190000,0.499869,-0.090207,1,0,0,0
30.81667,normal-autofire,-3034,-0.152782,0.673264,-0.052000,0,0,0,0
30.82500,normal-autofire,-3062,-0.232000,0.234000,-0.052000,0,0,0,0
30.82500,normal-autofire,-3008,-0.190000,0.498462,-0.090370,1,0,0,0
30.82500,normal-autofire,-3034,-0.152115,0.666657,-0.052000,0,0,0,0
30.83333,normal-autofire,-3062,-0.232000,0.263315,-0.052000,0,0,0,0
30.83333,normal-autofire,-3008,-0.190000,0.497054,-0.090532,1,0,0,0
30.83333,normal-autofire,-3034,-0.151448,0.659370,-0.052000,0,0,0,0
30.84167,normal-autofire,-3062,-0.232000,0.291945,-0.052000,0,0,0,0
30.84167,normal-autofire,-3008,-0.190000,0.495647,-0.090695,1,0,0,0
30.84167,normal-autofire,-3034,-0.151090,0.651425,-0.052000,0,0,0,0
30.85000,normal-autofire,-3062,-0.232000,0.319891,-0.052000,0,0,0,0
30.85000,normal-autofire,-3008,-0.190000,0.494240,-0.090857,1,0,0,0
30.85000,normal-autofire,-3034,-0.151018,0.642822,-0.052000,0,0,0,0
30.85833,normal-autofire,-3062,-0.232000,0.347152,-0.052000,0,0,0,0
30.85833,normal-autofire,-3008,-0.189911,0.492858,-0.091018,1,0,0,0
30.85833,normal-autofire,-3034,-0.151004,0.633543,-0.052000,0,0,0,0
30.86667,normal-autofire,-3062,-0.232000,0.373728,-0.052000,0,0,0,0
30.86667,normal-autofire,-3008,-0.189164,0.491663,-0.091167,1,0,0,0
30.86667,normal-autofire,-3034,-0.151003,0.630174,-0.052000,0,0,0,0
30.87500,normal-autofire,-3062,-0.232000,0.399620,-0.052000,0,0,0,0
30.87500,normal-autofire,-3008,-0.188418,0.490468,-0.091316,1,0,0,0
30.87500,normal-autofire,-3034,-0.157964,0.626820,-0.052000,0,0,0,0
30.88333,normal-autofire,-3062,-0.232000,0.424827,-0.052000,0,0,0,0
30.88333,normal-autofire,-3008,-0.187671,0.489274,-0.091466,1,0,0,0
30.88333,normal-autofire,-3034,-0.164925,0.622786,-0.052000,0,0,0,0
30.89167,normal-autofire,-3062,-0.232000,0.449350,-0.052000,0,0,0,0
30.89167,normal-autofire,-3008,-0.186924,0.488079,-0.091615,1,0,0,0
30.89167,normal-autofire,-3034,-0.171885,0.618070,-0.052000,0,0,0,0
30.90000,normal-autofire,-3062,-0.232000,0.473189,-0.052000,0,0,0,0
30.90000,normal-autofire,-3008,-0.186178,0.486884,-0.091764,1,0,0,0
30.90000,normal-autofire,-3034,-0.178844,0.612675,-0.052000,0,0,0,0
30.90833,normal-autofire,-3062,-0.232000,0.496344,-0.052000,0,0,0,0
30.90833,normal-autofire,-3008,-0.185431,0.485690,-0.091914,1,0,0,0
30.90833,normal-autofire,-3034,-0.185803,0.606599,-0.052000,0,0,0,0
30.91667,normal-autofire,-3062,-0.231768,0.518793,-0.052000,0,0,0,0
30.91667,normal-autofire,-3008,-0.184684,0.484495,-0.092063,1,0,0,0
30.91667,normal-autofire,-3034,-0.192760,0.599842,-0.052000,0,0,0,0
30.92500,normal-autofire,-3062,-0.231433,0.540549,-0.052000,0,0,0,0
30.92500,normal-autofire,-3008,-0.183938,0.483300,-0.092212,1,0,0,0
30.92500,normal-autofire,-3034,-0.197893,0.594354,-0.052000,0,0,0,0
30.93333,normal-autofire,-3062,-0.231088,0.561620,-0.052000,0,0,0,0
30.93333,normal-autofire,-3008,-0.183191,0.482106,-0.092362,1,0,0,0
30.93333,normal-autofire,-3034,-0.192874,0.590894,-0.052000,0,0,0,0
30.94167,normal-autofire,-3062,-0.230743,0.582008,-0.052000,0,0,0,0
30.94167,normal-autofire,-3008,-0.182445,0.480911,-0.092511,1,0,0,0
30.94167,normal-autofire,-3034,-0.187855,0.586753,-0.052000,0,0,0,0
30.95000,normal-autofire,-3062,-0.230397,0.601711,-0.052000,0,0,0,0
30.95000,normal-autofire,-3008,-0.181698,0.479717,-0.092660,1,0,0,0
30.95000,normal-autofire,-3034,-0.182836,0.581932,-0.052000,0,0,0,0
30.95833,normal-autofire,-3062,-0.230052,0.620731,-0.052000,0,0,0,0
30.95833,normal-autofire,-3008,-0.180951,0.478522,-0.092810,1,0,0,0
30.95833,normal-autofire,-3034,-0.177819,0.576430,-0.052000,0,0,0,0
30.96667,normal-autofire,-3062,-0.229707,0.639068,-0.052000,0,0,0,0
30.96667,normal-autofire,-3008,-0.180205,0.477327,-0.092959,1,0,0,0
30.96667,normal-autofire,-3034,-0.176334,0.574601,-0.052000,0,0,0,0
30.97500,normal-autofire,-3062,-0.229361,0.656720,-0.052000,0,0,0,0
30.97500,normal-autofire,-3008,-0.179448,0.476264,-0.093460,1,0,0,0
30.97500,normal-autofire,-3034,-0.180259,0.573322,-0.052000,0,0,0,0
30.98333,normal-autofire,-3062,-0.224506,0.671764,-0.052000,0,0,0,0
30.98333,normal-autofire,-3008,-0.178688,0.475250,-0.094094,1,0,0,0
30.98333,normal-autofire,-3034,-0.184182,0.571362,-0.052000,0,0,0,0
30.99167,normal-autofire,-3062,-0.219650,0.686125,-0.052000,0,0,0,0
30.99167,normal-autofire,-3008,-0.177928,0.474237,-0.094727,1,0,0,0
30.99167,normal-autofire,-3034,-0.188106,0.568721,-0.052000,0,0,0,0
31.00000,normal-autofire,-3062,-0.214796,0.699803,-0.052000,0,0,0,0
31.00000,normal-autofire,-3008,-0.177167,0.473223,-0.095361,1,0,0,0
31.00000,normal-autofire,-3034,-0.192029,0.565399,-0.052000,0,0,0,0
31.00833,normal-autofire,-3062,-0.214911,0.712730,-0.052000,0,0,0,0
31.00833,normal-autofire,-3008,-0.176407,0.472209,-0.095994,1,0,0,0
31.00833,normal-autofire,-3034,-0.195951,0.561396,-0.052000,0,0,0,0
31.01667,normal-autofire,-3062,-0.214342,0.724983,-0.052000,0,0,0,0
31.01667,normal-autofire,-3008,-0.175647,0.471196,-0.096628,1,0,0,0
31.01667,normal-autofire,-3034,-0.196045,0.557027,-0.052000,0,0,0,0
31.02500,normal-autofire,-3062,-0.213670,0.736555,-0.052000,0,0,0,0
31.02500,normal-autofire,-3008,-0.174886,0.470182,-0.097261,1,0,0,0
31.02500,normal-autofire,-3034,-0.196035,0.551985,-0.052000,0,0,0,0
31.03333,normal-autofire,-3062,-0.213010,0.747444,-0.052000,0,0,0,0
31.03333,normal-autofire,-3008,-0.174126,0.469168,-0.097895,1,0,0,0
31.03333,normal-autofire,-3034,-0.196000,0.546265,-0.052000,0,0,0,0
31.04167,normal-autofire,-3062,-0.212343,0.757651,-0.052000,0,0,0,0
31.04167,normal-autofire,-3008,-0.173366,0.468155,-0.098528,1,0,0,0
31.04167,normal-autofire,-3034,-0.195956,0.539866,-0.052000,0,0,0,0
31.05000,normal-autofire,-3062,-0.209413,0.766327,-0.052000,0,0,0,0
31.05000,normal-autofire,-3008,-0.172606,0.467141,-0.099162,1,0,0,0
31.05000,normal-autofire,-3034,-0.195907,0.532786,-0.052000,0,0,0,0
31.05833,normal-autofire,-3062,-0.206795,0.774436,-0.052000,0,0,0,0
31.05833,normal-autofire,-3008,-0.171845,0.466127,-0.099796,1,0,0,0
31.05833,normal-autofire,-3034,-0.195852,0.525027,-0.052000,0,0,0,0
31.06667,normal-autofire,-3062,-0.202251,0.779379,-0.052000,0,0,0,0
31.06667,normal-autofire,-3008,-0.171085,0.465114,-0.100429,1,0,0,0
31.06667,normal-autofire,-3034,-0.195793,0.516587,-0.052000,0,0,0,0
31.07500,normal-autofire,-3062,-0.197709,0.783640,-0.052000,0,0,0,0
31.07500,normal-autofire,-3008,-0.170325,0.464100,-0.101063,1,0,0,0
31.07500,normal-autofire,-3034,-0.195730,0.507469,-0.052000,0,0,0,0
31.08333,normal-autofire,-3062,-0.193166,0.787219,-0.052000,0,0,0,0
31.08333,normal-autofire,-3008,-0.169565,0.463086,-0.101696,1,0,0,0
31.08333,normal-autofire,-3034,-0.195661,0.497670,-0.052000,0,0,0,0
31.09167,normal-autofire,-3062,-0.188624,0.790117,-0.052000,0,0,0,0
31.09167,normal-autofire,-3008,-0.168804,0.462072,-0.102330,1,0,0,0
31.09167,normal-autofire,-3034,-0.195588,0.487192,-0.052000,0,0,0,0
31.10000,normal-autofire,-3062,-0.184083,0.792334,-0.052000,0,0,0,0
31.10000,normal-autofire,-3008,-0.168044,0.461059,-0.102963,1,0,0,0
31.10000,normal-autofire,-3034,-0.195510,0.476034,-0.052000,0,0,0,0
31.10833,normal-autofire,-3062,-0.179543,0.793869,-0.052000,0,0,0,0
31.10833,normal-autofire,-3008,-0.167225,0.460063,-0.103549,1,0,0,0
31.10833,normal-autofire,-3034,-0.195427,0.464197,-0.052000,0,0,0,0
31.11667,normal-autofire,-3062,-0.175003,0.794722,-0.052000,0,0,0,0
31.11667,normal-autofire,-3008,-0.166401,0.459068,-0.104132,1,0,0,0
31.11667,normal-autofire,-3034,-0.195340,0.451681,-0.052000,0,0,0,0
31.12500,normal-autofire,-3062,-0.170463,0.794894,-0.052000,0,0,0,0
31.12500,normal-autofire,-3008,-0.165578,0.458074,-0.104716,1,0,0,0
31.12500,normal-autofire,-3034,-0.195248,0.438486,-0.052000,0,0,0,0
31.13333,normal-autofire,-3062,-0.165924,0.794385,-0.052000,0,0,0,0
31.13333,normal-autofire,-3008,-0.164755,0.457079,-0.105299,1,0,0,0
31.13333,normal-autofire,-3034,-0.195155,0.424611,-0.052000,0,0,0,0
31.14167,normal-autofire,-3062,-0.161386,0.793195,-0.052000,0,0,0,0
31.14167,normal-autofire,-3008,-0.163932,0.456084,-0.105882,1,0,0,0
31.14167,normal-autofire,-3034,-0.195063,0.410056,-0.052000,0,0,0,0
31.15000,normal-autofire,-3062,-0.156848,0.791324,-0.052000,0,0,0,0
31.15000,normal-autofire,-3008,-0.163109,0.455090,-0.106465,1,0,0,0
31.15000,normal-autofire,-3034,-0.194971,0.394822,-0.052000,0,0,0,0
31.15833,normal-autofire,-3062,-0.152311,0.788773,-0.052000,0,0,0,0
31.15833,normal-autofire,-3008,-0.162286,0.454095,-0.107048,1,0,0,0
31.15833,normal-autofire,-3034,-0.194879,0.378909,-0.052000,0,0,0,0
31.16667,normal-autofire,-3062,-0.147774,0.785540,-0.052000,0,0,0,0
31.16667,normal-autofire,-3008,-0.161462,0.453100,-0.107631,1,0,0,0
31.16667,normal-autofire,-3034,-0.194787,0.362317,-0.052000,0,0,0,0
31.17500,normal-autofire,-3062,-0.143238,0.781626,-0.052000,0,0,0,0
31.17500,normal-autofire,-3008,-0.160639,0.452106,-0.108214,1,0,0,0
31.17500,normal-autofire,-3034,-0.194694,0.345046,-0.052000,0,0,0,0
31.18333,normal-autofire,-3062,-0.138703,0.777032,-0.052000,0,0,0,0
31.18333,normal-autofire,-3008,-0.159816,0.451111,-0.108797,1,0,0,0
31.18333,normal-autofire,-3034,-0.194602,0.327096,-0.052000,0,0,0,0
31.19167,normal-autofire,-3062,-0.139592,0.774285,-0.052000,0,0,0,0
31.19167,normal-autofire,-3008,-0.158993,0.450116,-0.109380,1,0,0,0
31.19167,normal-autofire,-3034,-0.194510,0.308466,-0.052000,0,0,0,0
31.20000,normal-autofire,-3062,-0.140744,0.770979,-0.052000,0,0,0,0
31.20000,normal-autofire,-3008,-0.158170,0.449122,-0.109963,1,0,0,0
31.20000,normal-autofire,-3034,-0.194418,0.289158,-0.052000,0,0,0,0
31.20833,normal-autofire,-3062,-0.142116,0.767088,-0.052000,0,0,0,0
31.20833,normal-autofire,-3008,-0.157347,0.448127,-0.110546,1,0,0,0
31.20833,normal-autofire,-3034,-0.194326,0.269171,-0.052000,0,0,0,0
31.21667,normal-autofire,-3062,-0.143697,0.762609,-0.052000,0,0,0,0
31.21667,normal-autofire,-3008,-0.156523,0.447132,-0.111129,1,0,0,0
31.21667,normal-autofire,-3034,-0.194234,0.248506,-0.052000,0,0,0,0
31.22500,normal-autofire,-3062,-0.145488,0.757542,-0.052000,0,0,0,0
31.22500,normal-autofire,-3008,-0.155700,0.446138,-0.111712,1,0,0,0
31.22500,normal-autofire,-3034,-0.194142,0.227162,-0.052000,0,0,0,0
31.23333,normal-autofire,-3062,-0.147487,0.751886,-0.052000,0,0,0,0
31.23333,normal-autofire,-3008,-0.154877,0.445143,-0.112296,1,0,0,0
31.23333,normal-autofire,-3034,-0.194092,0.215157,-0.052000,0,0,0,0
31.24167,normal-autofire,-3062,-0.149693,0.745641,-0.052000,0,0,0,0
31.24167,normal-autofire,-3008,-0.154054,0.444148,-0.112879,1,0,0,0
31.25000,normal-autofire,-3062,-0.152108,0.738807,-0.052000,0,0,0,0
31.25000,normal-autofire,-3008,-0.153231,0.443154,-0.113462,1,0,0,0
31.25833,normal-autofire,-3062,-0.154523,0.731293,-0.052000,0,0,0,0
31.25833,normal-autofire,-3008,-0.152408,0.442159,-0.114045,1,0,0,0
31.26667,normal-autofire,-3062,-0.156937,0.723099,-0.052000,0,0,0,0
31.26667,normal-autofire,-3008,-0.151584,0.441164,-0.114628,1,0,0,0
31.27500,normal-autofire,-3062,-0.157494,0.714267,-0.052000,0,0,0,0
31.27500,normal-autofire,-3008,-0.150761,0.440170,-0.115211,1,0,0,0
31.28333,normal-autofire,-3062,-0.157275,0.713952,-0.052000,0,0,0,0
31.28333,normal-autofire,-3008,-0.149938,0.439175,-0.115794,1,0,0,0
31.29167,normal-autofire,-3062,-0.156920,0.713814,-0.052000,0,0,0,0
31.29167,normal-autofire,-3008,-0.149115,0.438180,-0.116377,1,0,0,0
31.30000,normal-autofire,-3062,-0.156434,0.713656,-0.052000,0,0,0,0
31.30000,normal-autofire,-3008,-0.148292,0.437186,-0.116960,1,0,0,0
31.30833,normal-autofire,-3062,-0.155786,0.713400,-0.052000,0,0,0,0
31.30833,normal-autofire,-3008,-0.147468,0.436191,-0.117543,1,0,0,0
31.31667,normal-autofire,-3062,-0.154943,0.712957,-0.052000,0,0,0,0
31.31667,normal-autofire,-3008,-0.146645,0.435196,-0.118126,1,0,0,0
31.32500,normal-autofire,-3062,-0.153899,0.712188,-0.052000,0,0,0,0
31.32500,normal-autofire,-3008,-0.145822,0.434202,-0.118709,1,0,0,0
31.33333,normal-autofire,-3062,-0.152730,0.710885,-0.052000,0,0,0,0
31.33333,normal-autofire,-3008,-0.144999,0.433207,-0.119292,1,0,0,0
31.34167,normal-autofire,-3062,-0.151562,0.708901,-0.052000,0,0,0,0
31.34167,normal-autofire,-3008,-0.144176,0.432212,-0.119876,1,0,0,0
31.35000,normal-autofire,-3062,-0.151112,0.706290,-0.052000,0,0,0,0
31.35000,normal-autofire,-3008,-0.143108,0.431469,-0.120404,1,0,0,0
31.35833,normal-autofire,-3062,-0.151023,0.703025,-0.052000,0,0,0,0
31.35833,normal-autofire,-3008,-0.141973,0.430794,-0.120917,1,0,0,0
31.36667,normal-autofire,-3062,-0.151005,0.699085,-0.052000,0,0,0,0
31.36667,normal-autofire,-3008,-0.140838,0.430118,-0.121430,1,0,0,0
31.37500,normal-autofire,-3062,-0.151001,0.694465,-0.052000,0,0,0,0
31.37500,normal-autofire,-3008,-0.139704,0.429443,-0.121944,1,0,0,0
31.38333,normal-autofire,-3062,-0.153723,0.691403,-0.052000,0,0,0,0
31.38333,normal-autofire,-3008,-0.138569,0.428767,-0.122457,1,0,0,0
31.39167,normal-autofire,-3062,-0.156083,0.687364,-0.052000,0,0,0,0
31.39167,normal-autofire,-3008,-0.137435,0.428092,-0.122970,1,0,0,0
31.40000,normal-autofire,-3062,-0.154548,0.686835,-0.052000,0,0,0,0
31.40000,normal-autofire,-3008,-0.136300,0.427417,-0.123483,1,0,0,0
31.40833,normal-autofire,-3062,-0.153456,0.684988,-0.052000,0,0,0,0
31.40833,normal-autofire,-3008,-0.135165,0.426741,-0.123997,1,0,0,0
31.41667,normal-autofire,-3062,-0.152397,0.682439,-0.052000,0,0,0,0
31.41667,normal-autofire,-3008,-0.134031,0.426066,-0.124510,1,0,0,0
31.42500,normal-autofire,-3062,-0.151339,0.679209,-0.052000,0,0,0,0
31.42500,normal-autofire,-3076,-0.232000,0.234000,-0.052000,0,0,0,0
31.42500,normal-autofire,-3008,-0.132896,0.425391,-0.125023,1,0,0,0
31.43333,normal-autofire,-3062,-0.151068,0.675358,-0.052000,0,0,0,0
31.43333,normal-autofire,-3076,-0.232000,0.263315,-0.052000,0,0,0,0
31.43333,normal-autofire,-3008,-0.131761,0.424715,-0.125537,1,0,0,0
31.44167,normal-autofire,-3062,-0.151014,0.670842,-0.052000,0,0,0,0
31.44167,normal-autofire,-3076,-0.232000,0.291945,-0.052000,0,0,0,0
31.44167,normal-autofire,-3008,-0.130627,0.424040,-0.126050,1,0,0,0
31.45000,normal-autofire,-3062,-0.151003,0.665648,-0.052000,0,0,0,0
31.45000,normal-autofire,-3076,-0.232000,0.319891,-0.052000,0,0,0,0
31.45000,normal-autofire,-3008,-0.129492,0.423364,-0.126563,1,0,0,0
31.45833,normal-autofire,-3062,-0.151001,0.659775,-0.052000,0,0,0,0
31.45833,normal-autofire,-3076,-0.232000,0.347152,-0.052000,0,0,0,0
31.45833,normal-autofire,-3008,-0.128358,0.422689,-0.127076,1,0,0,0
31.46667,normal-autofire,-3062,-0.151000,0.653222,-0.052000,0,0,0,0
31.46667,normal-autofire,-3076,-0.232000,0.373728,-0.052000,0,0,0,0
31.46667,normal-autofire,-3008,-0.127223,0.422014,-0.127590,1,0,0,0
31.47500,normal-autofire,-3062,-0.151000,0.645988,-0.052000,0,0,0,0
31.47500,normal-autofire,-3076,-0.232000,0.399620,-0.052000,0,0,0,0
31.47500,normal-autofire,-3008,-0.126088,0.421338,-0.128103,1,0,0,0
31.48333,normal-autofire,-3062,-0.151000,0.638074,-0.052000,0,0,0,0
31.48333,normal-autofire,-3076,-0.232000,0.424827,-0.052000,0,0,0,0
31.48333,normal-autofire,-3008,-0.124954,0.420663,-0.128616,1,0,0,0
31.49167,normal-autofire,-3062,-0.151000,0.630176,-0.052000,0,0,0,0
31.49167,normal-autofire,-3076,-0.232000,0.449350,-0.052000,0,0,0,0
31.49167,normal-autofire,-3008,-0.123819,0.419988,-0.129130,1,0,0,0
31.50000,normal-autofire,-3062,-0.157009,0.627190,-0.052000,0,0,0,0
31.50000,normal-autofire,-3076,-0.232000,0.473189,-0.052000,0,0,0,0
31.50000,normal-autofire,-3008,-0.122685,0.419312,-0.129643,1,0,0,0
31.50833,normal-autofire,-3062,-0.163017,0.623522,-0.052000,0,0,0,0
31.50833,normal-autofire,-3076,-0.232000,0.496344,-0.052000,0,0,0,0
31.50833,normal-autofire,-3008,-0.121550,0.418637,-0.130156,1,0,0,0
31.51667,normal-autofire,-3062,-0.169025,0.619174,-0.052000,0,0,0,0
31.51667,normal-autofire,-3076,-0.231768,0.518793,-0.052000,0,0,0,0
31.51667,normal-autofire,-3008,-0.120415,0.417961,-0.130669,1,0,0,0
31.52500,normal-autofire,-3062,-0.175032,0.614145,-0.052000,0,0,0,0
31.52500,normal-autofire,-3076,-0.231433,0.540549,-0.052000,0,0,0,0
31.52500,normal-autofire,-3008,-0.119281,0.417286,-0.131183,1,0,0,0
31.53333,normal-autofire,-3062,-0.181038,0.608436,-0.052000,0,0,0,0
31.53333,normal-autofire,-3076,-0.231088,0.561620,-0.052000,0,0,0,0
31.53333,normal-autofire,-3008,-0.118146,0.416611,-0.131696,1,0,0,0
31.54167,normal-autofire,-3062,-0.187043,0.602046,-0.052000,0,0,0,0
31.54167,normal-autofire,-3076,-0.230743,0.582008,-0.052000,0,0,0,0
31.54167,normal-autofire,-3008,-0.117011,0.415935,-0.132209,1,0,0,0
31.55000,normal-autofire,-3062,-0.193048,0.594976,-0.052000,0,0,0,0
31.55000,normal-autofire,-3076,-0.230397,0.601711,-0.052000,0,0,0,0
31.55000,normal-autofire,-3008,-0.115877,0.415260,-0.132722,1,0,0,0
31.55833,normal-autofire,-3062,-0.196333,0.590734,-0.052000,0,0,0,0
31.55833,normal-autofire,-3076,-0.230052,0.620731,-0.052000,0,0,0,0
31.55833,normal-autofire,-3008,-0.114742,0.414585,-0.133236,1,0,0,0
31.56667,normal-autofire,-3062,-0.192976,0.583203,-0.052000,0,0,0,0
31.56667,normal-autofire,-3076,-0.229707,0.639068,-0.052000,0,0,0,0
31.56667,normal-autofire,-3008,-0.113608,0.413909,-0.133749,1,0,0,0
31.57500,normal-autofire,-3062,-0.189620,0.574991,-0.052000,0,0,0,0
31.57500,normal-autofire,-3076,-0.229361,0.656720,-0.052000,0,0,0,0
31.57500,normal-autofire,-3008,-0.112473,0.413234,-0.134262,1,0,0,0
31.58333,normal-autofire,-3062,-0.186264,0.566099,-0.052000,0,0,0,0
31.58333,normal-autofire,-3076,-0.224506,0.671764,-0.052000,0,0,0,0
31.58333,normal-autofire,-3008,-0.111338,0.412559,-0.134776,1,0,0,0
31.59167,normal-autofire,-3062,-0.182908,0.556527,-0.052000,0,0,0,0
31.59167,normal-autofire,-3076,-0.219650,0.686125,-0.052000,0,0,0,0
31.59167,normal-autofire,-3008,-0.110204,0.411883,-0.135289,1,0,0,0
31.60000,normal-autofire,-3062,-0.182027,0.553836,-0.052000,0,0,0,0
31.60000,normal-autofire,-3076,-0.214796,0.699803,-0.052000,0,0,0,0
31.60000,normal-autofire,-3008,-0.109069,0.411208,-0.135802,1,0,0,0
31.60833,normal-autofire,-3062,-0.188327,0.548175,-0.052000,0,0,0,0
31.60833,normal-autofire,-3076,-0.214911,0.712730,-0.052000,0,0,0,0
31.60833,normal-autofire,-3008,-0.107934,0.410532,-0.136315,1,0,0,0
31.61667,normal-autofire,-3062,-0.194626,0.541834,-0.052000,0,0,0,0
31.61667,normal-autofire,-3076,-0.214342,0.724983,-0.052000,0,0,0,0
31.61667,normal-autofire,-3008,-0.106800,0.409857,-0.136829,1,0,0,0
31.62500,normal-autofire,-3062,-0.195960,0.540346,-0.052000,0,0,0,0
31.62500,normal-autofire,-3076,-0.213670,0.736555,-0.052000,0,0,0,0
31.62500,normal-autofire,-3008,-0.105665,0.409182,-0.137342,1,0,0,0
31.63333,normal-autofire,-3062,-0.193372,0.532706,-0.052000,0,0,0,0
31.63333,normal-autofire,-3076,-0.213010,0.747444,-0.052000,0,0,0,0
31.63333,normal-autofire,-3008,-0.104531,0.408506,-0.137855,1,0,0,0
31.64167,normal-autofire,-3062,-0.190786,0.524386,-0.052000,0,0,0,0
31.64167,normal-autofire,-3076,-0.212343,0.757651,-0.052000,0,0,0,0
31.64167,normal-autofire,-3008,-0.103396,0.407831,-0.138369,1,0,0,0
31.65000,normal-autofire,-3062,-0.188199,0.515386,-0.052000,0,0,0,0
31.65000,normal-autofire,-3076,-0.209530,0.766409,-0.052000,0,0,0,0
31.65000,normal-autofire,-3008,-0.102261,0.407156,-0.138882,1,0,0,0
31.65833,normal-autofire,-3062,-0.185613,0.505706,-0.052000,0,0,0,0
31.65833,normal-autofire,-3076,-0.206802,0.774505,-0.052000,0,0,0,0
31.65833,normal-autofire,-3008,-0.101005,0.406619,-0.139233,1,0,0,0
31.66667,normal-autofire,-3062,-0.183027,0.495345,-0.052000,0,0,0,0
31.66667,normal-autofire,-3076,-0.202245,0.779462,-0.052000,0,0,0,0
31.66667,normal-autofire,-3008,-0.099713,0.406124,-0.139535,1,0,0,0
31.67500,normal-autofire,-3062,-0.182766,0.484480,-0.052000,0,0,0,0
31.67500,normal-autofire,-3076,-0.197690,0.783736,-0.052000,0,0,0,0
31.67500,normal-autofire,-3008,-0.098420,0.405629,-0.139838,1,0,0,0
31.68333,normal-autofire,-3062,-0.182713,0.472950,-0.052000,0,0,0,0
31.68333,normal-autofire,-3076,-0.193134,0.787329,-0.052000,0,0,0,0
31.68333,normal-autofire,-3008,-0.097128,0.405134,-0.140140,1,0,0,0
31.69167,normal-autofire,-3062,-0.187741,0.465084,-0.052000,0,0,0,0
31.69167,normal-autofire,-3076,-0.188580,0.790240,-0.052000,0,0,0,0
31.69167,normal-autofire,-3008,-0.095835,0.404639,-0.140443,1,0,0,0
31.70000,normal-autofire,-3062,-0.192769,0.456538,-0.052000,0,0,0,0
31.70000,normal-autofire,-3076,-0.184025,0.792470,-0.052000,0,0,0,0
31.70000,normal-autofire,-3008,-0.094543,0.404144,-0.140745,1,0,0,0
31.70833,normal-autofire,-3062,-0.195341,0.451818,-0.052000,0,0,0,0
31.70833,normal-autofire,-3076,-0.179472,0.794018,-0.052000,0,0,0,0
31.70833,normal-autofire,-3008,-0.093250,0.403649,-0.141048,1,0,0,0
31.71667,normal-autofire,-3062,-0.193240,0.441962,-0.052000,0,0,0,0
31.71667,normal-autofire,-3076,-0.174919,0.794885,-0.052000,0,0,0,0
31.71667,normal-autofire,-3008,-0.091958,0.403154,-0.141350,1,0,0,0
31.72500,normal-autofire,-3062,-0.191140,0.431426,-0.052000,0,0,0,0
31.72500,normal-autofire,-3076,-0.170367,0.795070,-0.052000,0,0,0,0
31.72500,normal-autofire,-3008,-0.090666,0.402659,-0.141653,1,0,0,0
31.73333,normal-autofire,-3062,-0.191857,0.420780,-0.052000,0,0,0,0
31.73333,normal-autofire,-3076,-0.165815,0.794575,-0.052000,0,0,0,0
31.73333,normal-autofire,-3008,-0.089373,0.402164,-0.141955,1,0,0,0
31.74167,normal-autofire,-3062,-0.192574,0.409454,-0.052000,0,0,0,0
31.74167,normal-autofire,-3076,-0.161263,0.793398,-0.052000,0,0,0,0
31.74167,normal-autofire,-3008,-0.088081,0.401669,-0.142258,1,0,0,0
31.75000,normal-autofire,-3062,-0.193290,0.397449,-0.052000,0,0,0,0
31.75000,normal-autofire,-3076,-0.156713,0.791540,-0.052000,0,0,0,0
31.75000,normal-autofire,-3008,-0.086788,0.401174,-0.142560,1,0,0,0
31.75833,normal-autofire,-3062,-0.194007,0.384763,-0.052000,0,0,0,0
31.75833,normal-autofire,-3076,-0.152163,0.789001,-0.052000,0,0,0,0
31.75833,normal-autofire,-3008,-0.085496,0.400679,-0.142863,1,0,0,0
31.76667,normal-autofire,-3062,-0.194723,0.371399,-0.052000,0,0,0,0
31.76667,normal-autofire,-3076,-0.147613,0.785782,-0.052000,0,0,0,0
31.76667,normal-autofire,-3008,-0.084203,0.400184,-0.143165,1,0,0,0
31.77500,normal-autofire,-3062,-0.195439,0.357354,-0.052000,0,0,0,0
31.77500,normal-autofire,-3076,-0.143064,0.781882,-0.052000,0,0,0,0
31.77500,normal-autofire,-3008,-0.082911,0.399689,-0.143468,1,0,0,0
31.78333,normal-autofire,-3062,-0.196155,0.342631,-0.052000,0,0,0,0
31.78333,normal-autofire,-3076,-0.138516,0.777301,-0.052000,0,0,0,0
31.78333,normal-autofire,-3008,-0.081618,0.399194,-0.143770,1,0,0,0
31.79167,normal-autofire,-3062,-0.196871,0.327228,-0.052000,0,0,0,0
31.79167,normal-autofire,-3076,-0.139466,0.774591,-0.052000,0,0,0,0
31.79167,normal-autofire,-3008,-0.080326,0.398699,-0.144073,1,0,0,0
31.80000,normal-autofire,-3062,-0.197587,0.311145,-0.052000,0,0,0,0
31.80000,normal-autofire,-3076,-0.140627,0.771298,-0.052000,0,0,0,0
31.80000,normal-autofire,-3008,-0.079033,0.398204,-0.144375,1,0,0,0
31.80833,normal-autofire,-3062,-0.198303,0.294384,-0.052000,0,0,0,0
31.80833,normal-autofire,-3076,-0.141999,0.767417,-0.052000,0,0,0,0
31.80833,normal-autofire,-3008,-0.077741,0.397709,-0.144678,1,0,0,0
31.81667,normal-autofire,-3062,-0.199019,0.276944,-0.052000,0,0,0,0
31.81667,normal-autofire,-3076,-0.143578,0.762947,-0.052000,0,0,0,0
31.81667,normal-autofire,-3008,-0.076449,0.397214,-0.144980,1,0,0,0
31.82500,normal-autofire,-3062,-0.199735,0.258824,-0.052000,0,0,0,0
31.82500,normal-autofire,-3076,-0.145366,0.757888,-0.052000,0,0,0,0
31.82500,normal-autofire,-3008,-0.075156,0.396719,-0.145283,1,0,0,0
31.83333,normal-autofire,-3062,-0.200450,0.240026,-0.052000,0,0,0,0
31.83333,normal-autofire,-3076,-0.147361,0.752241,-0.052000,0,0,0,0
31.83333,normal-autofire,-3008,-0.073864,0.396224,-0.145585,1,0,0,0
31.84167,normal-autofire,-3062,-0.201166,0.220549,-0.052000,0,0,0,0
31.84167,normal-autofire,-3076,-0.149565,0.746004,-0.052000,0,0,0,0
31.84167,normal-autofire,-3008,-0.072571,0.395729,-0.145888,1,0,0,0
31.85000,normal-autofire,-3076,-0.151977,0.739179,-0.052000,0,0,0,0
31.85000,normal-autofire,-3008,-0.071279,0.395234,-0.146190,1,0,0,0
31.85833,normal-autofire,-3076,-0.154388,0.731673,-0.052000,0,0,0,0
31.85833,normal-autofire,-3008,-0.069986,0.394739,-0.146493,1,0,0,0
31.86667,normal-autofire,-3076,-0.156800,0.723487,-0.052000,0,0,0,0
31.86667,normal-autofire,-3008,-0.068694,0.394244,-0.146795,1,0,0,0
31.87500,normal-autofire,-3076,-0.157450,0.714662,-0.052000,0,0,0,0
31.87500,normal-autofire,-3008,-0.067401,0.393750,-0.147098,1,0,0,0
31.88333,normal-autofire,-3076,-0.157379,0.714052,-0.052000,0,0,0,0
31.88333,normal-autofire,-3008,-0.066109,0.393255,-0.147400,1,0,0,0
31.89167,normal-autofire,-3076,-0.157141,0.713882,-0.052000,0,0,0,0
31.89167,normal-autofire,-3008,-0.064816,0.392760,-0.147703,1,0,0,0
31.90000,normal-autofire,-3076,-0.156763,0.713761,-0.052000,0,0,0,0
31.90000,normal-autofire,-3008,-0.063524,0.392265,-0.148005,1,0,0,0
31.90833,normal-autofire,-3076,-0.156251,0.713588,-0.052000,0,0,0,0
31.90833,normal-autofire,-3008,-0.062232,0.391770,-0.148308,1,0,0,0
31.91667,normal-autofire,-3076,-0.155565,0.713295,-0.052000,0,0,0,0
31.91667,normal-autofire,-3008,-0.060939,0.391275,-0.148610,1,0,0,0
31.92500,normal-autofire,-3076,-0.154678,0.712785,-0.052000,0,0,0,0
31.92500,normal-autofire,-3008,-0.059647,0.390780,-0.148913,1,0,0,0
31.93333,normal-autofire,-3076,-0.153596,0.711902,-0.052000,0,0,0,0
31.93333,normal-autofire,-3008,-0.058354,0.390285,-0.149215,1,0,0,0
31.94167,normal-autofire,-3076,-0.152433,0.710424,-0.052000,0,0,0,0
31.94167,normal-autofire,-3008,-0.057062,0.389790,-0.149518,1,0,0,0
31.95000,normal-autofire,-3076,-0.151270,0.708265,-0.052000,0,0,0,0
31.95000,normal-autofire,-3008,-0.055769,0.389295,-0.149820,1,0,0,0
31.95833,normal-autofire,-3076,-0.151054,0.705495,-0.052000,0,0,0,0
31.95833,normal-autofire,-3008,-0.054502,0.388717,-0.150027,1,0,0,0
31.96667,normal-autofire,-3076,-0.151011,0.702058,-0.052000,0,0,0,0
31.96667,normal-autofire,-3008,-0.053271,0.388019,-0.150094,1,0,0,0
31.97500,normal-autofire,-3076,-0.151002,0.697943,-0.052000,0,0,0,0
31.97500,normal-autofire,-3008,-0.052040,0.387320,-0.150160,1,0,0,0
31.98333,normal-autofire,-3076,-0.151000,0.693148,-0.052000,0,0,0,0
31.98333,normal-autofire,-3008,-0.050810,0.386622,-0.150227,1,0,0,0
31.99167,normal-autofire,-3076,-0.153836,0.689195,-0.052000,0,0,0,0
31.99167,normal-autofire,-3008,-0.049579,0.385923,-0.150293,1,0,0,0
32.00000,normal-autofire,-3076,-0.155799,0.684093,-0.052000,0,0,0,0
32.00000,normal-autofire,-3008,-0.048348,0.385225,-0.150360,1,0,0,0
32.00834,normal-autofire,-3076,-0.153449,0.679190,-0.052000,0,0,0,0
32.00834,normal-autofire,-3008,-0.047118,0.384526,-0.150426,1,0,0,0
32.01667,normal-autofire,-3076,-0.152782,0.673264,-0.052000,0,0,0,0
32.01667,normal-autofire,-3008,-0.045887,0.383828,-0.150493,1,0,0,0
32.02500,normal-autofire,-3076,-0.152115,0.666657,-0.052000,0,0,0,0
32.02500,normal-autofire,-3008,-0.044656,0.383129,-0.150559,1,0,0,0
32.02500,normal-autofire,-3102,-0.232000,0.234000,-0.052000,0,0,0,0
32.03333,normal-autofire,-3076,-0.151448,0.659370,-0.052000,0,0,0,0
32.03333,normal-autofire,-3008,-0.043426,0.382431,-0.150626,1,0,0,0
32.03333,normal-autofire,-3102,-0.232000,0.263315,-0.052000,0,0,0,0
32.04167,normal-autofire,-3076,-0.151090,0.651425,-0.052000,0,0,0,0
32.04167,normal-autofire,-3008,-0.042195,0.381732,-0.150692,1,0,0,0
32.04167,normal-autofire,-3102,-0.232000,0.291945,-0.052000,0,0,0,0
32.05000,normal-autofire,-3076,-0.151018,0.642822,-0.052000,0,0,0,0
32.05000,normal-autofire,-3008,-0.040964,0.381034,-0.150759,1,0,0,0
32.05000,normal-autofire,-3102,-0.232000,0.319891,-0.052000,0,0,0,0
32.05833,normal-autofire,-3076,-0.151004,0.633543,-0.052000,0,0,0,0
32.05833,normal-autofire,-3008,-0.039733,0.380335,-0.150825,1,0,0,0
32.05833,normal-autofire,-3102,-0.232000,0.347152,-0.052000,0,0,0,0
32.06667,normal-autofire,-3076,-0.151003,0.630174,-0.052000,0,0,0,0
32.06667,normal-autofire,-3008,-0.038503,0.379637,-0.150892,1,0,0,0
32.06667,normal-autofire,-3102,-0.232000,0.373728,-0.052000,0,0,0,0
32.07500,normal-autofire,-3076,-0.157964,0.626820,-0.052000,0,0,0,0
32.07500,normal-autofire,-3008,-0.037272,0.378938,-0.150958,1,0,0,0
32.07500,normal-autofire,-3102,-0.232000,0.399620,-0.052000,0,0,0,0
32.08333,normal-autofire,-3076,-0.164925,0.622786,-0.052000,0,0,0,0
32.08333,normal-autofire,-3008,-0.036041,0.378240,-0.151025,1,0,0,0
32.08333,normal-autofire,-3102,-0.232000,0.424827,-0.052000,0,0,0,0
32.09167,normal-autofire,-3076,-0.171885,0.618070,-0.052000,0,0,0,0
32.09167,normal-autofire,-3008,-0.034811,0.377541,-0.151091,1,0,0,0
32.09167,normal-autofire,-3102,-0.232000,0.449350,-0.052000,0,0,0,0
32.10000,normal-autofire,-3076,-0.178844,0.612675,-0.052000,0,0,0,0
32.10000,normal-autofire,-3008,-0.033580,0.376843,-0.151158,1,0,0,0
32.10000,normal-autofire,-3102,-0.232000,0.473189,-0.052000,0,0,0,0
32.10833,normal-autofire,-3076,-0.185803,0.606599,-0.052000,0,0,0,0
32.10833,normal-autofire,-3008,-0.032349,0.376144,-0.151224,1,0,0,0
32.10833,normal-autofire,-3102,-0.232000,0.496344,-0.052000,0,0,0,0
32.11666,normal-autofire,-3076,-0.192760,0.599842,-0.052000,0,0,0,0
32.11666,normal-autofire,-3008,-0.031119,0.375446,-0.151291,1,0,0,0
32.11666,normal-autofire,-3102,-0.231768,0.518793,-0.052000,0,0,0,0
32.12500,normal-autofire,-3076,-0.197893,0.594354,-0.052000,0,0,0,0
32.12500,normal-autofire,-3008,-0.029888,0.374747,-0.151357,1,0,0,0
32.12500,normal-autofire,-3102,-0.231433,0.540549,-0.052000,0,0,0,0
32.13334,normal-autofire,-3076,-0.192874,0.590894,-0.052000,0,0,0,0
32.13334,normal-autofire,-3008,-0.028657,0.374049,-0.151424,1,0,0,0
32.13334,normal-autofire,-3102,-0.231088,0.561620,-0.052000,0,0,0,0
32.14167,normal-autofire,-3076,-0.187855,0.586753,-0.052000,0,0,0,0
32.14167,normal-autofire,-3008,-0.027427,0.373350,-0.151490,1,0,0,0
32.14167,normal-autofire,-3102,-0.230743,0.582008,-0.052000,0,0,0,0
32.15000,normal-autofire,-3076,-0.182836,0.581932,-0.052000,0,0,0,0
32.15000,normal-autofire,-3008,-0.026196,0.372652,-0.151557,1,0,0,0
32.15000,normal-autofire,-3102,-0.230397,0.601711,-0.052000,0,0,0,0
32.15833,normal-autofire,-3076,-0.177819,0.576430,-0.052000,0,0,0,0
32.15833,normal-autofire,-3008,-0.024965,0.371953,-0.151624,1,0,0,0
32.15833,normal-autofire,-3102,-0.230052,0.620731,-0.052000,0,0,0,0
32.16667,normal-autofire,-3076,-0.176334,0.574601,-0.052000,0,0,0,0
32.16667,normal-autofire,-3008,-0.023734,0.371255,-0.151690,1,0,0,0
32.16667,normal-autofire,-3102,-0.229707,0.639068,-0.052000,0,0,0,0
32.17500,normal-autofire,-3076,-0.180259,0.573322,-0.052000,0,0,0,0
32.17500,normal-autofire,-3008,-0.022504,0.370556,-0.151757,1,0,0,0
32.17500,normal-autofire,-3102,-0.229361,0.656720,-0.052000,0,0,0,0
32.18333,normal-autofire,-3076,-0.184182,0.571362,-0.052000,0,0,0,0
32.18333,normal-autofire,-3008,-0.021273,0.369858,-0.151823,1,0,0,0
32.18333,normal-autofire,-3102,-0.224506,0.671764,-0.052000,0,0,0,0
32.19167,normal-autofire,-3076,-0.188106,0.568721,-0.052000,0,0,0,0
32.19167,normal-autofire,-3008,-0.020042,0.369159,-0.151890,1,0,0,0
32.19167,normal-autofire,-3102,-0.219650,0.686125,-0.052000,0,0,0,0
32.20000,normal-autofire,-3076,-0.192029,0.565399,-0.052000,0,0,0,0
32.20000,normal-autofire,-3008,-0.018812,0.368461,-0.151956,1,0,0,0
32.20000,normal-autofire,-3102,-0.214796,0.699803,-0.052000,0,0,0,0
32.20833,normal-autofire,-3076,-0.195951,0.561396,-0.052000,0,0,1,0
32.20833,normal-autofire,-3102,-0.214911,0.712730,-0.052000,0,0,1,0
32.21667,normal-autofire,-3076,-0.196045,0.557027,-0.052000,0,0,1,0
32.21667,normal-autofire,-3102,-0.214342,0.724983,-0.052000,0,0,1,0
32.22500,normal-autofire,-3076,-0.196035,0.551985,-0.052000,0,0,1,0
32.22500,normal-autofire,-3102,-0.213670,0.736555,-0.052000,0,0,1,0
32.23333,normal-autofire,-3076,-0.196000,0.546265,-0.052000,0,0,1,0
32.23333,normal-autofire,-3102,-0.213010,0.747444,-0.052000,0,0,1,0
32.24166,normal-autofire,-3076,-0.195956,0.539866,-0.052000,0,0,1,0
32.24166,normal-autofire,-3102,-0.212343,0.757651,-0.052000,0,0,1,0
32.25000,normal-autofire,-3076,-0.195907,0.532786,-0.052000,0,0,1,0
32.25000,normal-autofire,-3102,-0.209413,0.766327,-0.052000,0,0,1,0
32.25834,normal-autofire,-3076,-0.195852,0.525027,-0.052000,0,0,1,0
32.25834,normal-autofire,-3102,-0.206795,0.774436,-0.052000,0,0,1,0
32.26667,normal-autofire,-3076,-0.195793,0.516587,-0.052000,0,0,1,0
32.26667,normal-autofire,-3102,-0.202251,0.779379,-0.052000,0,0,1,0
32.27500,normal-autofire,-3076,-0.195730,0.507469,-0.052000,0,0,1,0
32.27500,normal-autofire,-3102,-0.197709,0.783640,-0.052000,0,0,1,0
32.28333,normal-autofire,-3076,-0.195661,0.497670,-0.052000,0,0,1,0
32.28333,normal-autofire,-3102,-0.193166,0.787219,-0.052000,0,0,1,0
32.29167,normal-autofire,-3076,-0.195588,0.487192,-0.052000,0,0,1,0
32.29167,normal-autofire,-3102,-0.188624,0.790117,-0.052000,0,0,1,0
32.30000,normal-autofire,-3076,-0.195510,0.476034,-0.052000,0,0,1,0
32.30000,normal-autofire,-3102,-0.184083,0.792334,-0.052000,0,0,1,0
32.30833,normal-autofire,-3076,-0.195427,0.464197,-0.052000,0,0,1,0
32.30833,normal-autofire,-3102,-0.179543,0.793869,-0.052000,0,0,1,0
32.31667,normal-autofire,-3076,-0.195340,0.451681,-0.052000,0,0,1,0
32.31667,normal-autofire,-3102,-0.175003,0.794722,-0.052000,0,0,1,0
32.32500,normal-autofire,-3076,-0.195248,0.438486,-0.052000,0,0,1,0
32.32500,normal-autofire,-3102,-0.170463,0.794894,-0.052000,0,0,1,0
32.33333,normal-autofire,-3076,-0.195155,0.424611,-0.052000,0,0,1,0
32.33333,normal-autofire,-3102,-0.165924,0.794385,-0.052000,0,0,1,0
32.34167,normal-autofire,-3076,-0.195063,0.410056,-0.052000,0,0,1,0
32.34167,normal-autofire,-3102,-0.161386,0.793195,-0.052000,0,0,1,0
32.35000,normal-autofire,-3076,-0.194971,0.394822,-0.052000,0,0,1,0
32.35000,normal-autofire,-3102,-0.156848,0.791324,-0.052000,0,0,1,0
32.35833,normal-autofire,-3076,-0.194879,0.378909,-0.052000,0,0,1,0
32.35833,normal-autofire,-3102,-0.152311,0.788773,-0.052000,0,0,1,0
32.36666,normal-autofire,-3076,-0.194787,0.362317,-0.052000,0,0,1,0
32.36666,normal-autofire,-3102,-0.147774,0.785540,-0.052000,0,0,1,0
32.37500,normal-autofire,-3076,-0.194694,0.345046,-0.052000,0,0,1,0
32.37500,normal-autofire,-3102,-0.143238,0.781626,-0.052000,0,0,1,0
32.38334,normal-autofire,-3076,-0.194602,0.327096,-0.052000,0,0,1,0
32.38334,normal-autofire,-3102,-0.138703,0.777032,-0.052000,0,0,1,0
32.39167,normal-autofire,-3076,-0.194510,0.308466,-0.052000,0,0,1,0
32.39167,normal-autofire,-3102,-0.139592,0.774285,-0.052000,0,0,1,0
32.40000,normal-autofire,-3076,-0.194418,0.289158,-0.052000,0,0,1,0
32.40000,normal-autofire,-3102,-0.140744,0.770979,-0.052000,0,0,1,0
32.40833,normal-autofire,-3076,-0.194326,0.269171,-0.052000,0,0,1,0
32.40833,normal-autofire,-3102,-0.142116,0.767088,-0.052000,0,0,1,0
32.41667,normal-autofire,-3076,-0.194234,0.248506,-0.052000,0,0,1,0
32.41667,normal-autofire,-3102,-0.143697,0.762609,-0.052000,0,0,1,0
32.42500,normal-autofire,-3076,-0.194142,0.227162,-0.052000,0,0,1,0
32.42500,normal-autofire,-3102,-0.145488,0.757542,-0.052000,0,0,1,0
32.43333,normal-autofire,-3076,-0.194092,0.215157,-0.052000,0,0,1,0
32.43333,normal-autofire,-3102,-0.147487,0.751886,-0.052000,0,0,1,0
32.44167,normal-autofire,-3102,-0.149693,0.745641,-0.052000,0,0,1,0
32.45000,normal-autofire,-3102,-0.152108,0.738807,-0.052000,0,0,1,0
32.45833,normal-autofire,-3102,-0.154523,0.731293,-0.052000,0,0,1,0
32.46667,normal-autofire,-3102,-0.156937,0.723099,-0.052000,0,0,1,0
32.47500,normal-autofire,-3102,-0.157494,0.714267,-0.052000,0,0,1,0
32.48333,normal-autofire,-3102,-0.157275,0.713952,-0.052000,0,0,1,0
32.49166,normal-autofire,-3102,-0.156920,0.713814,-0.052000,0,0,1,0
32.50000,normal-autofire,-3102,-0.156434,0.713656,-0.052000,0,0,1,0
32.50834,normal-autofire,-3102,-0.155786,0.713400,-0.052000,0,0,1,0
32.51667,normal-autofire,-3102,-0.154943,0.712957,-0.052000,0,0,1,0
32.52500,normal-autofire,-3102,-0.153899,0.712188,-0.052000,0,0,1,0
32.53333,normal-autofire,-3102,-0.152730,0.710885,-0.052000,0,0,1,0
32.54167,normal-autofire,-3102,-0.151562,0.708901,-0.052000,0,0,1,0
32.55000,normal-autofire,-3102,-0.151112,0.706290,-0.052000,0,0,1,0
32.55833,normal-autofire,-3102,-0.151023,0.703025,-0.052000,0,0,1,0
32.56667,normal-autofire,-3102,-0.151005,0.699085,-0.052000,0,0,1,0
32.57500,normal-autofire,-3102,-0.151001,0.694465,-0.052000,0,0,1,0
32.58333,normal-autofire,-3102,-0.153723,0.691403,-0.052000,0,0,1,0
32.59167,normal-autofire,-3102,-0.156083,0.687364,-0.052000,0,0,1,0
32.60000,normal-autofire,-3102,-0.154548,0.686835,-0.052000,0,0,1,0
32.60833,normal-autofire,-3102,-0.153456,0.684988,-0.052000,0,0,1,0
32.61666,normal-autofire,-3102,-0.152397,0.682439,-0.052000,0,0,1,0
32.62500,normal-autofire,-3128,-0.232000,0.234000,-0.052000,0,0,1,0
32.62500,normal-autofire,-3102,-0.151339,0.679209,-0.052000,0,0,1,0
32.63334,normal-autofire,-3128,-0.232000,0.263315,-0.052000,0,0,1,0
32.63334,normal-autofire,-3102,-0.151068,0.675358,-0.052000,0,0,1,0
32.64167,normal-autofire,-3128,-0.232000,0.291945,-0.052000,0,0,1,0
32.64167,normal-autofire,-3102,-0.151014,0.670842,-0.052000,0,0,1,0
32.65000,normal-autofire,-3128,-0.232000,0.319891,-0.052000,0,0,1,0
32.65000,normal-autofire,-3102,-0.151003,0.665648,-0.052000,0,0,1,0
32.65833,normal-autofire,-3128,-0.232000,0.347152,-0.052000,0,0,1,0
32.65833,normal-autofire,-3102,-0.151001,0.659775,-0.052000,0,0,1,0
32.66667,normal-autofire,-3128,-0.232000,0.373728,-0.052000,0,0,1,0
32.66667,normal-autofire,-3102,-0.151000,0.653222,-0.052000,0,0,1,0
32.67500,normal-autofire,-3128,-0.232000,0.399620,-0.052000,0,0,1,0
32.67500,normal-autofire,-3102,-0.151000,0.645988,-0.052000,0,0,1,0
32.68333,normal-autofire,-3128,-0.232000,0.424827,-0.052000,0,0,1,0
32.68333,normal-autofire,-3102,-0.151000,0.638074,-0.052000,0,0,1,0
32.69167,normal-autofire,-3128,-0.232000,0.449350,-0.052000,0,0,1,0
32.69167,normal-autofire,-3102,-0.151000,0.630176,-0.052000,0,0,1,0
32.70000,normal-autofire,-3128,-0.232000,0.473189,-0.052000,0,0,1,0
32.70000,normal-autofire,-3102,-0.157009,0.627190,-0.052000,0,0,1,0
32.70833,normal-autofire,-3128,-0.232000,0.496344,-0.052000,0,0,1,0
32.70833,normal-autofire,-3102,-0.163017,0.623522,-0.052000,0,0,1,0
32.71667,normal-autofire,-3128,-0.231768,0.518793,-0.052000,0,0,1,0
32.71667,normal-autofire,-3102,-0.169025,0.619174,-0.052000,0,0,1,0
32.72500,normal-autofire,-3128,-0.231433,0.540549,-0.052000,0,0,1,0
32.72500,normal-autofire,-3102,-0.175032,0.614145,-0.052000,0,0,1,0
32.73333,normal-autofire,-3128,-0.231088,0.561620,-0.052000,0,0,1,0
32.73333,normal-autofire,-3102,-0.181038,0.608436,-0.052000,0,0,1,0
32.74166,normal-autofire,-3128,-0.230743,0.582008,-0.052000,0,0,1,0
32.74166,normal-autofire,-3102,-0.187043,0.602046,-0.052000,0,0,1,0
32.75000,normal-autofire,-3128,-0.230397,0.601711,-0.052000,0,0,1,0
32.75000,normal-autofire,-3102,-0.193048,0.594976,-0.052000,0,0,1,0
32.75834,normal-autofire,-3128,-0.230052,0.620731,-0.052000,0,0,1,0
32.75834,normal-autofire,-3102,-0.196333,0.590734,-0.052000,0,0,1,0
32.76667,normal-autofire,-3128,-0.229707,0.639068,-0.052000,0,0,1,0
32.76667,normal-autofire,-3102,-0.192976,0.583203,-0.052000,0,0,1,0
32.77500,normal-autofire,-3128,-0.229361,0.656720,-0.052000,0,0,1,0
32.77500,normal-autofire,-3102,-0.189620,0.574991,-0.052000,0,0,1,0
32.78333,normal-autofire,-3128,-0.224506,0.671764,-0.052000,0,0,1,0
32.78333,normal-autofire,-3102,-0.186264,0.566099,-0.052000,0,0,1,0
32.79167,normal-autofire,-3128,-0.219650,0.686125,-0.052000,0,0,1,0
32.79167,normal-autofire,-3102,-0.182908,0.556527,-0.052000,0,0,1,0
32.80000,normal-autofire,-3128,-0.214796,0.699803,-0.052000,0,0,1,0
32.80000,normal-autofire,-3102,-0.182027,0.553836,-0.052000,0,0,1,0
32.80833,normal-autofire,-3128,-0.214911,0.712730,-0.052000,0,0,1,0
32.80833,normal-autofire,-3102,-0.188327,0.548175,-0.052000,0,0,1,0
32.81667,normal-autofire,-3128,-0.214342,0.724983,-0.052000,0,0,1,0
32.81667,normal-autofire,-3102,-0.194626,0.541834,-0.052000,0,0,1,0
32.82500,normal-autofire,-3128,-0.213670,0.736555,-0.052000,0,0,1,0
32.82500,normal-autofire,-3102,-0.195960,0.540346,-0.052000,0,0,1,0
32.83333,normal-autofire,-3128,-0.213010,0.747444,-0.052000,0,0,1,0
32.83333,normal-autofire,-3102,-0.193372,0.532706,-0.052000,0,0,1,0
32.84167,normal-autofire,-3128,-0.212343,0.757651,-0.052000,0,0,1,0
32.84167,normal-autofire,-3102,-0.190786,0.524386,-0.052000,0,0,1,0
32.85000,normal-autofire,-3128,-0.209413,0.766327,-0.052000,0,0,1,0
32.85000,normal-autofire,-3102,-0.188199,0.515386,-0.052000,0,0,1,0
32.85833,normal-autofire,-3128,-0.206795,0.774436,-0.052000,0,0,1,0
32.85833,normal-autofire,-3102,-0.185613,0.505706,-0.052000,0,0,1,0
32.86666,normal-autofire,-3128,-0.202251,0.779379,-0.052000,0,0,1,0
32.86666,normal-autofire,-3102,-0.183027,0.495345,-0.052000,0,0,1,0
32.87500,normal-autofire,-3128,-0.197709,0.783640,-0.052000,0,0,1,0
32.87500,normal-autofire,-3102,-0.182766,0.484480,-0.052000,0,0,1,0
32.88334,normal-autofire,-3128,-0.193166,0.787219,-0.052000,0,0,1,0
32.88334,normal-autofire,-3102,-0.182713,0.472950,-0.052000,0,0,1,0
32.89167,normal-autofire,-3128,-0.188624,0.790117,-0.052000,0,0,1,0
32.89167,normal-autofire,-3102,-0.187741,0.465084,-0.052000,0,0,1,0
32.90000,normal-autofire,-3128,-0.184083,0.792334,-0.052000,0,0,1,0
32.90000,normal-autofire,-3102,-0.192769,0.456538,-0.052000,0,0,1,0
32.90833,normal-autofire,-3128,-0.179543,0.793869,-0.052000,0,0,1,0
32.90833,normal-autofire,-3102,-0.195341,0.451818,-0.052000,0,0,1,0
32.91667,normal-autofire,-3128,-0.175003,0.794722,-0.052000,0,0,1,0
32.91667,normal-autofire,-3102,-0.193240,0.441962,-0.052000,0,0,1,0
32.92500,normal-autofire,-3128,-0.170463,0.794894,-0.052000,0,0,1,0
32.92500,normal-autofire,-3102,-0.191140,0.431426,-0.052000,0,0,1,0
32.93333,normal-autofire,-3128,-0.165924,0.794385,-0.052000,0,0,1,0
32.93333,normal-autofire,-3102,-0.191857,0.420780,-0.052000,0,0,1,0
32.94167,normal-autofire,-3128,-0.161386,0.793195,-0.052000,0,0,1,0
32.94167,normal-autofire,-3102,-0.192574,0.409454,-0.052000,0,0,1,0
32.95000,normal-autofire,-3128,-0.156848,0.791324,-0.052000,0,0,1,0
32.95000,normal-autofire,-3102,-0.193290,0.397449,-0.052000,0,0,1,0
32.95833,normal-autofire,-3128,-0.152311,0.788773,-0.052000,0,0,1,0
32.95833,normal-autofire,-3102,-0.194007,0.384763,-0.052000,0,0,1,0
32.96667,normal-autofire,-3128,-0.147774,0.785540,-0.052000,0,0,1,0
32.96667,normal-autofire,-3102,-0.194723,0.371399,-0.052000,0,0,1,0
32.97500,normal-autofire,-3128,-0.143238,0.781626,-0.052000,0,0,1,0
32.97500,normal-autofire,-3102,-0.195439,0.357354,-0.052000,0,0,1,0
32.98333,normal-autofire,-3128,-0.138703,0.777032,-0.052000,0,0,1,0
32.98333,normal-autofire,-3102,-0.196155,0.342631,-0.052000,0,0,1,0
32.99166,normal-autofire,-3128,-0.139592,0.774285,-0.052000,0,0,1,0
32.99166,normal-autofire,-3102,-0.196871,0.327228,-0.052000,0,0,1,0
33.00000,normal-autofire,-3128,-0.140744,0.770979,-0.052000,0,0,1,0
33.00000,normal-autofire,-3102,-0.197587,0.311145,-0.052000,0,0,1,0
33.00834,normal-autofire,-3128,-0.142116,0.767088,-0.052000,0,0,1,0
33.00834,normal-autofire,-3102,-0.198303,0.294384,-0.052000,0,0,1,0
33.01667,normal-autofire,-3128,-0.143697,0.762609,-0.052000,0,0,1,0
33.01667,normal-autofire,-3102,-0.199019,0.276944,-0.052000,0,0,1,0
33.02500,normal-autofire,-3128,-0.145488,0.757542,-0.052000,0,0,1,0
33.02500,normal-autofire,-3102,-0.199735,0.258824,-0.052000,0,0,1,0
33.03333,normal-autofire,-3128,-0.147487,0.751886,-0.052000,0,0,1,0
33.03333,normal-autofire,-3102,-0.200450,0.240026,-0.052000,0,0,1,0
33.04167,normal-autofire,-3128,-0.149693,0.745641,-0.052000,0,0,1,0
33.04167,normal-autofire,-3102,-0.201166,0.220549,-0.052000,0,0,1,0
33.05000,normal-autofire,-3128,-0.152108,0.738807,-0.052000,0,0,1,0
33.05833,normal-autofire,-3128,-0.154523,0.731293,-0.052000,0,0,1,0
33.06667,normal-autofire,-3128,-0.156937,0.723099,-0.052000,0,0,1,0
33.07500,normal-autofire,-3128,-0.157494,0.714267,-0.052000,0,0,1,0
33.08333,normal-autofire,-3128,-0.157275,0.713952,-0.052000,0,0,1,0
33.09167,normal-autofire,-3128,-0.156920,0.713814,-0.052000,0,0,1,0
33.10000,normal-autofire,-3128,-0.156434,0.713656,-0.052000,0,0,1,0
33.10833,normal-autofire,-3128,-0.155786,0.713400,-0.052000,0,0,1,0
33.11666,normal-autofire,-3128,-0.154943,0.712957,-0.052000,0,0,1,0
33.12500,normal-autofire,-3128,-0.153899,0.712188,-0.052000,0,0,1,0
33.13334,normal-autofire,-3128,-0.152730,0.710885,-0.052000,0,0,1,0
33.14167,normal-autofire,-3128,-0.151562,0.708901,-0.052000,0,0,1,0
33.15000,normal-autofire,-3128,-0.151112,0.706290,-0.052000,0,0,1,0
33.15833,normal-autofire,-3128,-0.151023,0.703025,-0.052000,0,0,1,0
33.16667,normal-autofire,-3128,-0.151005,0.699085,-0.052000,0,0,1,0
33.17500,normal-autofire,-3128,-0.151001,0.694465,-0.052000,0,0,1,0
33.18333,normal-autofire,-3128,-0.153723,0.691403,-0.052000,0,0,1,0
33.19167,normal-autofire,-3128,-0.156083,0.687364,-0.052000,0,0,1,0
33.20000,normal-autofire,-3128,-0.154548,0.686835,-0.052000,0,0,1,0
33.20833,normal-autofire,-3128,-0.153456,0.684988,-0.052000,0,0,1,0
33.21667,normal-autofire,-3128,-0.152397,0.682439,-0.052000,0,0,1,0
33.22500,normal-autofire,-3154,-0.232000,0.234000,-0.052000,0,0,1,0
33.22500,normal-autofire,-3128,-0.151339,0.679209,-0.052000,0,0,1,0
33.23333,normal-autofire,-3154,-0.232000,0.263315,-0.052000,0,0,1,0
33.23333,normal-autofire,-3128,-0.151068,0.675358,-0.052000,0,0,1,0
33.24166,normal-autofire,-3154,-0.232000,0.291945,-0.052000,0,0,1,0
33.24166,normal-autofire,-3128,-0.151014,0.670842,-0.052000,0,0,1,0
33.25000,normal-autofire,-3154,-0.232000,0.319891,-0.052000,0,0,1,0
33.25000,normal-autofire,-3128,-0.151003,0.665648,-0.052000,0,0,1,0
33.25834,normal-autofire,-3154,-0.232000,0.347152,-0.052000,0,0,1,0
33.25834,normal-autofire,-3128,-0.151001,0.659775,-0.052000,0,0,1,0
33.26667,normal-autofire,-3154,-0.232000,0.373728,-0.052000,0,0,1,0
33.26667,normal-autofire,-3128,-0.151000,0.653222,-0.052000,0,0,1,0
33.27500,normal-autofire,-3154,-0.232000,0.399620,-0.052000,0,0,1,0
33.27500,normal-autofire,-3128,-0.151000,0.645988,-0.052000,0,0,1,0
33.28333,normal-autofire,-3154,-0.232000,0.424827,-0.052000,0,0,1,0
33.28333,normal-autofire,-3128,-0.151000,0.638074,-0.052000,0,0,1,0
33.29167,normal-autofire,-3154,-0.232000,0.449350,-0.052000,0,0,1,0
33.29167,normal-autofire,-3128,-0.151000,0.630176,-0.052000,0,0,1,0
33.30000,normal-autofire,-3154,-0.232000,0.473189,-0.052000,0,0,1,0
33.30000,normal-autofire,-3128,-0.157009,0.627190,-0.052000,0,0,1,0
33.30833,normal-autofire,-3154,-0.232000,0.496344,-0.052000,0,0,1,0
33.30833,normal-autofire,-3128,-0.163017,0.623522,-0.052000,0,0,1,0
33.31667,normal-autofire,-3154,-0.231768,0.518793,-0.052000,0,0,1,0
33.31667,normal-autofire,-3128,-0.169025,0.619174,-0.052000,0,0,1,0
33.32500,normal-autofire,-3154,-0.231433,0.540549,-0.052000,0,0,1,0
33.32500,normal-autofire,-3128,-0.175032,0.614145,-0.052000,0,0,1,0
33.33333,normal-autofire,-3154,-0.231088,0.561620,-0.052000,0,0,1,0
33.33333,normal-autofire,-3128,-0.181038,0.608436,-0.052000,0,0,1,0
33.34167,normal-autofire,-3154,-0.230743,0.582008,-0.052000,0,0,1,0
33.34167,normal-autofire,-3128,-0.187043,0.602046,-0.052000,0,0,1,0
33.35000,normal-autofire,-3154,-0.230397,0.601711,-0.052000,0,0,1,0
33.35000,normal-autofire,-3128,-0.193048,0.594976,-0.052000,0,0,1,0
33.35833,normal-autofire,-3154,-0.230052,0.620731,-0.052000,0,0,1,0
33.35833,normal-autofire,-3128,-0.196333,0.590734,-0.052000,0,0,1,0
33.36666,normal-autofire,-3154,-0.229707,0.639068,-0.052000,0,0,1,0
33.36666,normal-autofire,-3128,-0.192976,0.583203,-0.052000,0,0,1,0
33.37500,normal-autofire,-3154,-0.229361,0.656720,-0.052000,0,0,1,0
33.37500,normal-autofire,-3128,-0.189620,0.574991,-0.052000,0,0,1,0
33.38334,normal-autofire,-3154,-0.224506,0.671764,-0.052000,0,0,1,0
33.38334,normal-autofire,-3128,-0.186264,0.566099,-0.052000,0,0,1,0
33.39167,normal-autofire,-3154,-0.219650,0.686125,-0.052000,0,0,1,0
33.39167,normal-autofire,-3128,-0.182908,0.556527,-0.052000,0,0,1,0
33.40000,normal-autofire,-3154,-0.214796,0.699803,-0.052000,0,0,1,0
33.40000,normal-autofire,-3128,-0.182027,0.553836,-0.052000,1,0,1,0
33.40833,normal-autofire,-3154,-0.214911,0.712730,-0.052000,0,0,1,0
33.40833,normal-autofire,-3128,-0.182500,0.552838,-0.052889,1,0,1,0
33.41667,normal-autofire,-3154,-0.214342,0.724983,-0.052000,0,0,1,0
33.41667,normal-autofire,-3128,-0.182972,0.551841,-0.053777,1,0,1,0
33.42500,normal-autofire,-3154,-0.213670,0.736555,-0.052000,0,0,1,0
33.42500,normal-autofire,-3128,-0.183444,0.550844,-0.054666,1,0,1,0
33.43333,normal-autofire,-3154,-0.213010,0.747444,-0.052000,0,0,1,0
33.43333,normal-autofire,-3128,-0.183916,0.549847,-0.055554,1,0,1,0
33.44167,normal-autofire,-3154,-0.212343,0.757651,-0.052000,0,0,1,0
33.44167,normal-autofire,-3128,-0.184389,0.548850,-0.056443,1,0,1,0
33.45000,normal-autofire,-3154,-0.209413,0.766327,-0.052000,0,0,1,0
33.45000,normal-autofire,-3128,-0.184861,0.547852,-0.057331,1,0,1,0
33.45833,normal-autofire,-3154,-0.206795,0.774436,-0.052000,0,0,1,0
33.45833,normal-autofire,-3128,-0.185333,0.546855,-0.058220,1,0,1,0
33.46667,normal-autofire,-3154,-0.202251,0.779379,-0.052000,0,0,1,0
33.46667,normal-autofire,-3128,-0.185805,0.545858,-0.059108,1,0,1,0
33.47500,normal-autofire,-3154,-0.197709,0.783640,-0.052000,0,0,1,0
33.47500,normal-autofire,-3128,-0.186278,0.544861,-0.059997,1,0,1,0
33.48333,normal-autofire,-3154,-0.193166,0.787219,-0.052000,0,0,1,0
33.48333,normal-autofire,-3128,-0.186750,0.543863,-0.060885,1,0,1,0
33.49166,normal-autofire,-3154,-0.188624,0.790117,-0.052000,0,0,1,0
33.49166,normal-autofire,-3128,-0.187222,0.542866,-0.061774,1,0,1,0
33.50000,normal-autofire,-3154,-0.184083,0.792334,-0.052000,0,0,1,0
33.50000,normal-autofire,-3128,-0.187694,0.541869,-0.062662,1,0,1,0
33.50834,normal-autofire,-3154,-0.179543,0.793869,-0.052000,0,0,1,0
33.50834,normal-autofire,-3128,-0.188167,0.540872,-0.063551,1,0,1,0
33.51667,normal-autofire,-3154,-0.175003,0.794722,-0.052000,0,0,1,0
33.51667,normal-autofire,-3128,-0.188639,0.539874,-0.064439,1,0,1,0
33.52500,normal-autofire,-3154,-0.170463,0.794894,-0.052000,0,0,1,0
33.52500,normal-autofire,-3128,-0.189111,0.538877,-0.065328,1,0,1,0
33.53333,normal-autofire,-3154,-0.165924,0.794385,-0.052000,0,0,1,0
33.53333,normal-autofire,-3128,-0.189583,0.537880,-0.066216,1,0,1,0
33.54167,normal-autofire,-3154,-0.161386,0.793195,-0.052000,0,0,1,0
33.54167,normal-autofire,-3128,-0.190000,0.536892,-0.067127,1,0,1,0
33.55000,normal-autofire,-3154,-0.156848,0.791324,-0.052000,0,0,1,0
33.55000,normal-autofire,-3128,-0.190000,0.535970,-0.068202,1,0,1,0
33.55833,normal-autofire,-3154,-0.152311,0.788773,-0.052000,0,0,1,0
33.55833,normal-autofire,-3128,-0.190000,0.535048,-0.069278,1,0,1,0
33.56667,normal-autofire,-3154,-0.147774,0.785540,-0.052000,0,0,1,0
33.56667,normal-autofire,-3128,-0.190000,0.534126,-0.070353,1,0,1,0
33.57500,normal-autofire,-3154,-0.143238,0.781626,-0.052000,0,0,1,0
33.57500,normal-autofire,-3128,-0.190000,0.533204,-0.071429,1,0,1,0
33.58333,normal-autofire,-3154,-0.138703,0.777032,-0.052000,0,0,1,0
33.58333,normal-autofire,-3128,-0.190000,0.532282,-0.072505,1,0,1,0
33.59167,normal-autofire,-3154,-0.139592,0.774285,-0.052000,0,0,1,0
33.59167,normal-autofire,-3128,-0.190000,0.531360,-0.073580,1,0,1,0
33.60000,normal-autofire,-3154,-0.140744,0.770979,-0.052000,0,0,1,0
33.60000,normal-autofire,-3128,-0.190000,0.530438,-0.074656,1,0,1,0
33.60833,normal-autofire,-3154,-0.142116,0.767088,-0.052000,0,0,1,0
33.60833,normal-autofire,-3128,-0.190000,0.529516,-0.075732,1,0,1,0
33.61666,normal-autofire,-3154,-0.143697,0.762609,-0.052000,0,0,1,0
33.61666,normal-autofire,-3128,-0.190000,0.528594,-0.076807,1,0,1,0
33.62500,normal-autofire,-3154,-0.145488,0.757542,-0.052000,0,0,1,0
33.62500,normal-autofire,-3128,-0.190000,0.527672,-0.077883,1,0,1,0
33.63334,normal-autofire,-3154,-0.147487,0.751886,-0.052000,0,0,1,0
33.63334,normal-autofire,-3128,-0.190000,0.526750,-0.078958,1,0,1,0
33.64167,normal-autofire,-3154,-0.149693,0.745641,-0.052000,0,0,1,0
33.64167,normal-autofire,-3128,-0.190000,0.525828,-0.080034,1,0,1,0
33.65000,normal-autofire,-3154,-0.152108,0.738807,-0.052000,0,0,1,0
33.65000,normal-autofire,-3128,-0.190000,0.524906,-0.081110,1,0,1,0
33.65833,normal-autofire,-3154,-0.154523,0.731293,-0.052000,0,0,1,0
33.65833,normal-autofire,-3128,-0.190000,0.523984,-0.082185,1,0,1,0
33.66667,normal-autofire,-3154,-0.156937,0.723099,-0.052000,0,0,1,0
33.66667,normal-autofire,-3128,-0.190000,0.523062,-0.083261,1,0,1,0
33.67500,normal-autofire,-3154,-0.157494,0.714267,-0.052000,0,0,1,0
33.67500,normal-autofire,-3128,-0.190000,0.522140,-0.084336,1,0,1,0
33.68333,normal-autofire,-3154,-0.157275,0.713952,-0.052000,0,0,1,0
33.68333,normal-autofire,-3128,-0.190000,0.521218,-0.085412,1,0,1,0
33.69167,normal-autofire,-3154,-0.156920,0.713814,-0.052000,0,0,1,0
33.69167,normal-autofire,-3128,-0.190000,0.520296,-0.086488,1,0,1,0
33.70000,normal-autofire,-3154,-0.156434,0.713656,-0.052000,0,0,1,0
33.70000,normal-autofire,-3128,-0.190000,0.519374,-0.087563,1,0,1,0
33.70833,normal-autofire,-3154,-0.155786,0.713400,-0.052000,0,0,1,0
33.70833,normal-autofire,-3128,-0.190000,0.518164,-0.088096,1,0,1,0
33.71667,normal-autofire,-3154,-0.154943,0.712957,-0.052000,0,0,1,0
33.71667,normal-autofire,-3128,-0.190000,0.516757,-0.088259,1,0,1,0
33.72500,normal-autofire,-3154,-0.153899,0.712188,-0.052000,0,0,1,0
33.72500,normal-autofire,-3128,-0.190000,0.515349,-0.088421,1,0,1,0
33.73333,normal-autofire,-3154,-0.152730,0.710885,-0.052000,0,0,1,0
33.73333,normal-autofire,-3128,-0.190000,0.513942,-0.088584,1,0,1,0
33.74166,normal-autofire,-3154,-0.151562,0.708901,-0.052000,0,0,1,0
33.74166,normal-autofire,-3128,-0.190000,0.512535,-0.088746,1,0,1,0
33.75000,normal-autofire,-3154,-0.151112,0.706290,-0.052000,0,0,1,0
33.75000,normal-autofire,-3128,-0.190000,0.511128,-0.088908,1,0,1,0
33.75834,normal-autofire,-3154,-0.151023,0.703025,-0.052000,0,0,1,0
33.75834,normal-autofire,-3128,-0.190000,0.509720,-0.089071,1,0,1,0
33.76667,normal-autofire,-3154,-0.151005,0.699085,-0.052000,0,0,1,0
33.76667,normal-autofire,-3128,-0.190000,0.508313,-0.089233,1,0,1,0
33.77500,normal-autofire,-3154,-0.151001,0.694465,-0.052000,0,0,1,0
33.77500,normal-autofire,-3128,-0.190000,0.506906,-0.089396,1,0,1,0
33.78333,normal-autofire,-3154,-0.153723,0.691403,-0.052000,0,0,1,0
33.78333,normal-autofire,-3128,-0.190000,0.505498,-0.089558,1,0,1,0
33.79167,normal-autofire,-3154,-0.156083,0.687364,-0.052000,0,0,1,0
33.79167,normal-autofire,-3128,-0.190000,0.504091,-0.089720,1,0,1,0
33.80000,normal-autofire,-3154,-0.154548,0.686835,-0.052000,0,0,1,0
33.80000,normal-autofire,-3128,-0.190000,0.502684,-0.089883,1,0,1,0
33.80833,normal-autofire,-3154,-0.153456,0.684988,-0.052000,0,0,1,0
33.80833,normal-autofire,-3128,-0.190000,0.501276,-0.090045,1,0,1,0
33.81667,normal-autofire,-3154,-0.152397,0.682439,-0.052000,0,0,1,0
33.81667,normal-autofire,-3128,-0.190000,0.499869,-0.090207,1,0,1,0
33.82500,normal-autofire,-3154,-0.151339,0.679209,-0.052000,0,0,1,0
33.82500,normal-autofire,-3170,-0.232000,0.234000,-0.052000,0,0,1,0
33.82500,normal-autofire,-3128,-0.190000,0.498462,-0.090370,1,0,1,0
33.83333,normal-autofire,-3154,-0.151068,0.675358,-0.052000,0,0,1,0
33.83333,normal-autofire,-3170,-0.232000,0.263315,-0.052000,0,0,1,0
33.83333,normal-autofire,-3128,-0.190000,0.497054,-0.090532,1,0,1,0
33.84167,normal-autofire,-3154,-0.151014,0.670842,-0.052000,0,0,1,0
33.84167,normal-autofire,-3170,-0.232000,0.291945,-0.052000,0,0,1,0
33.84167,normal-autofire,-3128,-0.190000,0.495647,-0.090695,1,0,1,0
33.85000,normal-autofire,-3154,-0.151003,0.665648,-0.052000,0,0,1,0
33.85000,normal-autofire,-3170,-0.232000,0.319891,-0.052000,0,0,1,0
33.85000,normal-autofire,-3128,-0.190000,0.494240,-0.090857,1,0,1,0
33.85833,normal-autofire,-3154,-0.151001,0.659775,-0.052000,0,0,1,0
33.85833,normal-autofire,-3170,-0.232000,0.347152,-0.052000,0,0,1,0
33.85833,normal-autofire,-3128,-0.189911,0.492858,-0.091018,1,0,1,0
33.86666,normal-autofire,-3154,-0.151000,0.653222,-0.052000,0,0,1,0
33.86666,normal-autofire,-3170,-0.232000,0.373728,-0.052000,0,0,1,0
33.86666,normal-autofire,-3128,-0.189164,0.491663,-0.091167,1,0,1,0
33.87500,normal-autofire,-3154,-0.151000,0.645988,-0.052000,0,0,1,0
33.87500,normal-autofire,-3170,-0.232000,0.399620,-0.052000,0,0,1,0
33.87500,normal-autofire,-3128,-0.188418,0.490468,-0.091316,1,0,1,0
33.88334,normal-autofire,-3154,-0.151000,0.638074,-0.052000,0,0,1,0
33.88334,normal-autofire,-3170,-0.232000,0.424827,-0.052000,0,0,1,0
33.88334,normal-autofire,-3128,-0.187671,0.489274,-0.091466,1,0,1,0
33.89167,normal-autofire,-3154,-0.151000,0.630176,-0.052000,0,0,1,0
33.89167,normal-autofire,-3170,-0.232000,0.449350,-0.052000,0,0,1,0
33.89167,normal-autofire,-3128,-0.186924,0.488079,-0.091615,1,0,1,0
33.90000,normal-autofire,-3154,-0.157009,0.627190,-0.052000,0,0,1,0
33.90000,normal-autofire,-3170,-0.232000,0.473189,-0.052000,0,0,1,0
33.90000,normal-autofire,-3128,-0.186178,0.486884,-0.091764,1,0,1,0
33.90833,normal-autofire,-3154,-0.163017,0.623522,-0.052000,0,0,1,0
33.90833,normal-autofire,-3170,-0.232000,0.496344,-0.052000,0,0,1,0
33.90833,normal-autofire,-3128,-0.185431,0.485690,-0.091914,1,0,1,0
33.91667,normal-autofire,-3154,-0.169025,0.619174,-0.052000,0,0,1,0
33.91667,normal-autofire,-3170,-0.231768,0.518793,-0.052000,0,0,1,0
33.91667,normal-autofire,-3128,-0.184684,0.484495,-0.092063,1,0,1,0
33.92500,normal-autofire,-3154,-0.175032,0.614145,-0.052000,0,0,1,0
33.92500,normal-autofire,-3170,-0.231433,0.540549,-0.052000,0,0,1,0
33.92500,normal-autofire,-3128,-0.183938,0.483300,-0.092212,1,0,1,0
33.93333,normal-autofire,-3154,-0.181038,0.608436,-0.052000,0,0,1,0
33.93333,normal-autofire,-3170,-0.231088,0.561620,-0.052000,0,0,1,0
33.93333,normal-autofire,-3128,-0.183191,0.482106,-0.092362,1,0,1,0
33.94167,normal-autofire,-3154,-0.187043,0.602046,-0.052000,0,0,1,0
33.94167,normal-autofire,-3170,-0.230743,0.582008,-0.052000,0,0,1,0
33.94167,normal-autofire,-3128,-0.182445,0.480911,-0.092511,1,0,1,0
33.95000,normal-autofire,-3154,-0.193048,0.594976,-0.052000,0,0,1,0
33.95000,normal-autofire,-3170,-0.230397,0.601711,-0.052000,0,0,1,0
33.95000,normal-autofire,-3128,-0.181698,0.479717,-0.092660,1,0,1,0
33.95833,normal-autofire,-3154,-0.196333,0.590734,-0.052000,0,0,1,0
33.95833,normal-autofire,-3170,-0.230052,0.620731,-0.052000,0,0,1,0
33.95833,normal-autofire,-3128,-0.180951,0.478522,-0.092810,1,0,1,0
33.96667,normal-autofire,-3154,-0.192976,0.583203,-0.052000,0,0,1,0
33.96667,normal-autofire,-3170,-0.229707,0.639068,-0.052000,0,0,1,0
33.96667,normal-autofire,-3128,-0.180205,0.477327,-0.092959,1,0,1,0
33.97500,normal-autofire,-3154,-0.189620,0.574991,-0.052000,0,0,1,0
33.97500,normal-autofire,-3170,-0.229361,0.656720,-0.052000,0,0,1,0
33.97500,normal-autofire,-3128,-0.179448,0.476264,-0.093460,1,0,1,0
33.98333,normal-autofire,-3154,-0.186264,0.566099,-0.052000,0,0,1,0
33.98333,normal-autofire,-3170,-0.224506,0.671764,-0.052000,0,0,1,0
33.98333,normal-autofire,-3128,-0.178688,0.475250,-0.094094,1,0,1,0
33.99166,normal-autofire,-3154,-0.182908,0.556527,-0.052000,0,0,1,0
33.99166,normal-autofire,-3170,-0.219650,0.686125,-0.052000,0,0,1,0
33.99166,normal-autofire,-3128,-0.177928,0.474237,-0.094727,1,0,1,0
34.00000,normal-autofire,-3154,-0.182027,0.553836,-0.052000,0,0,1,0
34.00000,normal-autofire,-3170,-0.214796,0.699803,-0.052000,0,0,1,0
34.00000,normal-autofire,-3128,-0.177167,0.473223,-0.095361,1,0,1,0
34.00834,normal-autofire,-3154,-0.188327,0.548175,-0.052000,0,0,1,0
34.00834,normal-autofire,-3170,-0.214911,0.712730,-0.052000,0,0,1,0
34.00834,normal-autofire,-3128,-0.176407,0.472209,-0.095994,1,0,1,0
34.01667,normal-autofire,-3154,-0.194626,0.541834,-0.052000,0,0,1,0
34.01667,normal-autofire,-3170,-0.214342,0.724983,-0.052000,0,0,1,0
34.01667,normal-autofire,-3128,-0.175647,0.471196,-0.096628,1,0,1,0
34.02500,normal-autofire,-3154,-0.195960,0.540346,-0.052000,0,0,1,0
34.02500,normal-autofire,-3170,-0.213670,0.736555,-0.052000,0,0,1,0
34.02500,normal-autofire,-3128,-0.174886,0.470182,-0.097261,1,0,1,0
34.03333,normal-autofire,-3154,-0.193372,0.532706,-0.052000,0,0,1,0
34.03333,normal-autofire,-3170,-0.213010,0.747444,-0.052000,0,0,1,0
34.03333,normal-autofire,-3128,-0.174126,0.469168,-0.097895,1,0,1,0
34.04167,normal-autofire,-3154,-0.190786,0.524386,-0.052000,0,0,1,0
34.04167,normal-autofire,-3170,-0.212343,0.757651,-0.052000,0,0,1,0
34.04167,normal-autofire,-3128,-0.173366,0.468155,-0.098528,1,0,1,0
34.05000,normal-autofire,-3154,-0.188199,0.515386,-0.052000,0,0,1,0
34.05000,normal-autofire,-3170,-0.209530,0.766409,-0.052000,0,0,1,0
34.05000,normal-autofire,-3128,-0.172606,0.467141,-0.099162,1,0,1,0
34.05833,normal-autofire,-3154,-0.185613,0.505706,-0.052000,0,0,1,0
34.05833,normal-autofire,-3170,-0.206802,0.774505,-0.052000,0,0,1,0
34.05833,normal-autofire,-3128,-0.171845,0.466127,-0.099796,1,0,1,0
34.06667,normal-autofire,-3154,-0.183027,0.495345,-0.052000,0,0,1,0
34.06667,normal-autofire,-3170,-0.202245,0.779462,-0.052000,0,0,1,0
34.06667,normal-autofire,-3128,-0.171085,0.465114,-0.100429,1,0,1,0
34.07500,normal-autofire,-3154,-0.182766,0.484480,-0.052000,0,0,1,0
34.07500,normal-autofire,-3170,-0.197690,0.783736,-0.052000,0,0,1,0
34.07500,normal-autofire,-3128,-0.170325,0.464100,-0.101063,1,0,1,0
34.08333,normal-autofire,-3154,-0.182713,0.472950,-0.052000,0,0,1,0
34.08333,normal-autofire,-3170,-0.193134,0.787329,-0.052000,0,0,1,0
34.08333,normal-autofire,-3128,-0.169565,0.463086,-0.101696,1,0,1,0
34.09167,normal-autofire,-3154,-0.187741,0.465084,-0.052000,0,0,1,0
34.09167,normal-autofire,-3170,-0.188580,0.790240,-0.052000,0,0,1,0
34.09167,normal-autofire,-3128,-0.168804,0.462072,-0.102330,1,0,1,0
34.10000,normal-autofire,-3154,-0.192769,0.456538,-0.052000,0,0,1,0
34.10000,normal-autofire,-3170,-0.184025,0.792470,-0.052000,0,0,1,0
34.10000,normal-autofire,-3128,-0.168044,0.461059,-0.102963,1,0,1,0
34.10833,normal-autofire,-3154,-0.195341,0.451818,-0.052000,0,0,1,0
34.10833,normal-autofire,-3170,-0.179472,0.794018,-0.052000,0,0,1,0
34.10833,normal-autofire,-3128,-0.167225,0.460063,-0.103549,1,0,1,0
34.11666,normal-autofire,-3154,-0.193240,0.441962,-0.052000,0,0,1,0
34.11666,normal-autofire,-3170,-0.174919,0.794885,-0.052000,0,0,1,0
34.11666,normal-autofire,-3128,-0.166401,0.459068,-0.104132,1,0,1,0
34.12500,normal-autofire,-3154,-0.191140,0.431426,-0.052000,0,0,1,0
34.12500,normal-autofire,-3170,-0.170367,0.795070,-0.052000,0,0,1,0
34.12500,normal-autofire,-3128,-0.165578,0.458074,-0.104716,1,0,1,0
34.13334,normal-autofire,-3154,-0.191857,0.420780,-0.052000,0,0,1,0
34.13334,normal-autofire,-3170,-0.165815,0.794575,-0.052000,0,0,1,0
34.13334,normal-autofire,-3128,-0.164755,0.457079,-0.105299,1,0,1,0
34.14167,normal-autofire,-3154,-0.192574,0.409454,-0.052000,0,0,1,0
34.14167,normal-autofire,-3170,-0.161263,0.793398,-0.052000,0,0,1,0
34.14167,normal-autofire,-3128,-0.163932,0.456084,-0.105882,1,0,1,0
34.15000,normal-autofire,-3154,-0.193290,0.397449,-0.052000,0,0,1,0
34.15000,normal-autofire,-3170,-0.156713,0.791540,-0.052000,0,0,1,0
34.15000,normal-autofire,-3128,-0.163109,0.455090,-0.106465,1,0,1,0
34.15833,normal-autofire,-3154,-0.194007,0.384763,-0.052000,0,0,1,0
34.15833,normal-autofire,-3170,-0.152163,0.789001,-0.052000,0,0,1,0
34.15833,normal-autofire,-3128,-0.162286,0.454095,-0.107048,1,0,1,0
34.16667,normal-autofire,-3154,-0.194723,0.371399,-0.052000,0,0,1,0
34.16667,normal-autofire,-3170,-0.147613,0.785782,-0.052000,0,0,1,0
34.16667,normal-autofire,-3128,-0.161462,0.453100,-0.107631,1,0,1,0
34.17500,normal-autofire,-3154,-0.195439,0.357354,-0.052000,0,0,1,0
34.17500,normal-autofire,-3170,-0.143064,0.781882,-0.052000,0,0,1,0
34.17500,normal-autofire,-3128,-0.160639,0.452106,-0.108214,1,0,1,0
34.18333,normal-autofire,-3154,-0.196155,0.342631,-0.052000,0,0,1,0
34.18333,normal-autofire,-3170,-0.138516,0.777301,-0.052000,0,0,1,0
34.18333,normal-autofire,-3128,-0.159816,0.451111,-0.108797,1,0,1,0
34.19167,normal-autofire,-3154,-0.196871,0.327228,-0.052000,0,0,1,0
34.19167,normal-autofire,-3170,-0.139466,0.774591,-0.052000,0,0,1,0
34.19167,normal-autofire,-3128,-0.158993,0.450116,-0.109380,1,0,1,0
34.20000,normal-autofire,-3154,-0.197587,0.311145,-0.052000,0,0,1,0
34.20000,normal-autofire,-3170,-0.140627,0.771298,-0.052000,0,0,1,0
34.20000,normal-autofire,-3128,-0.158170,0.449122,-0.109963,1,0,1,0
34.20833,normal-autofire,-3154,-0.198303,0.294384,-0.052000,0,0,1,0
34.20833,normal-autofire,-3170,-0.141999,0.767417,-0.052000,0,0,1,0
34.20833,normal-autofire,-3128,-0.157347,0.448127,-0.110546,1,0,1,0
34.21667,normal-autofire,-3154,-0.199019,0.276944,-0.052000,0,0,1,0
34.21667,normal-autofire,-3170,-0.143578,0.762947,-0.052000,0,0,1,0
34.21667,normal-autofire,-3128,-0.156523,0.447132,-0.111129,1,0,1,0
34.22500,normal-autofire,-3154,-0.199735,0.258824,-0.052000,0,0,1,0
34.22500,normal-autofire,-3170,-0.145366,0.757888,-0.052000,0,0,1,0
34.22500,normal-autofire,-3128,-0.155700,0.446138,-0.111712,1,0,1,0
34.23333,normal-autofire,-3154,-0.200450,0.240026,-0.052000,0,0,1,0
34.23333,normal-autofire,-3170,-0.147361,0.752241,-0.052000,0,0,1,0
34.23333,normal-autofire,-3128,-0.154877,0.445143,-0.112296,1,0,1,0
34.24166,normal-autofire,-3154,-0.201166,0.220549,-0.052000,0,0,1,0
34.24166,normal-autofire,-3170,-0.149565,0.746004,-0.052000,0,0,1,0
34.24166,normal-autofire,-3128,-0.154054,0.444148,-0.112879,1,0,1,0
34.25000,normal-autofire,-3170,-0.151977,0.739179,-0.052000,0,0,1,0
34.25000,normal-autofire,-3128,-0.153231,0.443154,-0.113462,1,0,1,0
34.25834,normal-autofire,-3170,-0.154388,0.731673,-0.052000,0,0,1,0
34.25834,normal-autofire,-3128,-0.152408,0.442159,-0.114045,1,0,1,0
34.26667,normal-autofire,-3170,-0.156800,0.723487,-0.052000,0,0,1,0
34.26667,normal-autofire,-3128,-0.151584,0.441164,-0.114628,1,0,1,0
34.27500,normal-autofire,-3170,-0.157450,0.714662,-0.052000,0,0,1,0
34.27500,normal-autofire,-3128,-0.150761,0.440170,-0.115211,1,0,1,0
34.28333,normal-autofire,-3170,-0.157379,0.714052,-0.052000,0,0,1,0
34.28333,normal-autofire,-3128,-0.149938,0.439175,-0.115794,1,0,1,0
34.29167,normal-autofire,-3170,-0.157141,0.713882,-0.052000,0,0,1,0
34.29167,normal-autofire,-3128,-0.149115,0.438180,-0.116377,1,0,1,0
34.30000,normal-autofire,-3170,-0.156763,0.713761,-0.052000,0,0,1,0
34.30000,normal-autofire,-3128,-0.148292,0.437186,-0.116960,1,0,1,0
34.30833,normal-autofire,-3170,-0.156251,0.713588,-0.052000,0,0,1,0
34.30833,normal-autofire,-3128,-0.147468,0.436191,-0.117543,1,0,1,0
34.31667,normal-autofire,-3170,-0.155565,0.713295,-0.052000,0,0,1,0
34.31667,normal-autofire,-3128,-0.146645,0.435196,-0.118126,1,0,1,0
34.32500,normal-autofire,-3170,-0.154678,0.712785,-0.052000,0,0,1,0
34.32500,normal-autofire,-3128,-0.145822,0.434202,-0.118709,1,0,1,0
34.33333,normal-autofire,-3170,-0.153596,0.711902,-0.052000,0,0,1,0
34.33333,normal-autofire,-3128,-0.144999,0.433207,-0.119292,1,0,1,0
34.34167,normal-autofire,-3170,-0.152433,0.710424,-0.052000,0,0,1,0
34.34167,normal-autofire,-3128,-0.144176,0.432212,-0.119876,1,0,1,0
34.35000,normal-autofire,-3170,-0.151270,0.708265,-0.052000,0,0,1,0
34.35000,normal-autofire,-3128,-0.143108,0.431469,-0.120404,1,0,1,0
34.35833,normal-autofire,-3170,-0.151054,0.705495,-0.052000,0,0,1,0
34.35833,normal-autofire,-3128,-0.141973,0.430794,-0.120917,1,0,1,0
34.36666,normal-autofire,-3170,-0.151011,0.702058,-0.052000,0,0,1,0
34.36666,normal-autofire,-3128,-0.140838,0.430118,-0.121430,1,0,1,0
34.37500,normal-autofire,-3170,-0.151002,0.697943,-0.052000,0,0,1,0
34.37500,normal-autofire,-3128,-0.139704,0.429443,-0.121944,1,0,1,0
34.38334,normal-autofire,-3170,-0.151000,0.693148,-0.052000,0,0,1,0
34.38334,normal-autofire,-3128,-0.138569,0.428767,-0.122457,1,0,1,0
34.39167,normal-autofire,-3170,-0.153836,0.689195,-0.052000,0,0,1,0
34.39167,normal-autofire,-3128,-0.137435,0.428092,-0.122970,1,0,1,0
34.40000,normal-autofire,-3170,-0.155799,0.684093,-0.052000,0,0,1,0
34.40000,normal-autofire,-3128,-0.136300,0.427417,-0.123483,1,0,1,0
34.40833,normal-autofire,-3170,-0.153449,0.679190,-0.052000,0,0,1,0
34.40833,normal-autofire,-3128,-0.135165,0.426741,-0.123997,1,0,1,0
34.41667,normal-autofire,-3170,-0.152782,0.673264,-0.052000,0,0,1,0
34.41667,normal-autofire,-3128,-0.134031,0.426066,-0.124510,1,0,1,0
34.42500,normal-autofire,-3196,-0.232000,0.234000,-0.052000,0,0,1,0
34.42500,normal-autofire,-3170,-0.152115,0.666657,-0.052000,0,0,1,0
34.42500,normal-autofire,-3128,-0.132896,0.425391,-0.125023,1,0,1,0
34.43333,normal-autofire,-3196,-0.232000,0.263315,-0.052000,0,0,1,0
34.43333,normal-autofire,-3170,-0.151448,0.659370,-0.052000,0,0,1,0
34.43333,normal-autofire,-3128,-0.131761,0.424715,-0.125537,1,0,1,0
34.44167,normal-autofire,-3196,-0.232000,0.291945,-0.052000,0,0,1,0
34.44167,normal-autofire,-3170,-0.151090,0.651425,-0.052000,0,0,1,0
34.44167,normal-autofire,-3128,-0.130627,0.424040,-0.126050,1,0,1,0
34.45000,normal-autofire,-3196,-0.232000,0.319891,-0.052000,0,0,1,0
34.45000,normal-autofire,-3170,-0.151018,0.642822,-0.052000,0,0,1,0
34.45000,normal-autofire,-3128,-0.129492,0.423364,-0.126563,1,0,1,0
34.45833,normal-autofire,-3196,-0.232000,0.347152,-0.052000,0,0,1,0
34.45833,normal-autofire,-3170,-0.151004,0.633543,-0.052000,0,0,1,0
34.45833,normal-autofire,-3128,-0.128358,0.422689,-0.127076,1,0,1,0
34.46667,normal-autofire,-3196,-0.232000,0.373728,-0.052000,0,0,1,0
34.46667,normal-autofire,-3170,-0.151003,0.630174,-0.052000,0,0,1,0
34.46667,normal-autofire,-3128,-0.127223,0.422014,-0.127590,1,0,1,0
34.47500,normal-autofire,-3196,-0.232000,0.399620,-0.052000,0,0,1,0
34.47500,normal-autofire,-3170,-0.157964,0.626820,-0.052000,0,0,1,0
34.47500,normal-autofire,-3128,-0.126088,0.421338,-0.128103,1,0,1,0
34.48333,normal-autofire,-3196,-0.232000,0.424827,-0.052000,0,0,1,0
34.48333,normal-autofire,-3170,-0.164925,0.622786,-0.052000,0,0,1,0
34.48333,normal-autofire,-3128,-0.124954,0.420663,-0.128616,1,0,1,0
34.49166,normal-autofire,-3196,-0.232000,0.449350,-0.052000,0,0,1,0
34.49166,normal-autofire,-3170,-0.171885,0.618070,-0.052000,0,0,1,0
34.49166,normal-autofire,-3128,-0.123819,0.419988,-0.129130,1,0,1,0
34.50000,normal-autofire,-3196,-0.232000,0.473189,-0.052000,0,0,1,0
34.50000,normal-autofire,-3170,-0.178844,0.612675,-0.052000,0,0,1,0
34.50000,normal-autofire,-3128,-0.122685,0.419312,-0.129643,1,0,1,0
34.50834,normal-autofire,-3196,-0.232000,0.496344,-0.052000,0,0,1,0
34.50834,normal-autofire,-3170,-0.185803,0.606599,-0.052000,0,0,1,0
34.50834,normal-autofire,-3128,-0.121550,0.418637,-0.130156,1,0,1,0
34.51667,normal-autofire,-3196,-0.231768,0.518793,-0.052000,0,0,1,0
34.51667,normal-autofire,-3170,-0.192760,0.599842,-0.052000,0,0,1,0
34.51667,normal-autofire,-3128,-0.120415,0.417961,-0.130669,1,0,1,0
34.52500,normal-autofire,-3196,-0.231433,0.540549,-0.052000,0,0,1,0
34.52500,normal-autofire,-3170,-0.197893,0.594354,-0.052000,0,0,1,0
34.52500,normal-autofire,-3128,-0.119281,0.417286,-0.131183,1,0,1,0
34.53333,normal-autofire,-3196,-0.231088,0.561620,-0.052000,0,0,1,0
34.53333,normal-autofire,-3170,-0.192874,0.590894,-0.052000,0,0,1,0
34.53333,normal-autofire,-3128,-0.118146,0.416611,-0.131696,1,0,1,0
34.54167,normal-autofire,-3196,-0.230743,0.582008,-0.052000,0,0,1,0
34.54167,normal-autofire,-3170,-0.187855,0.586753,-0.052000,0,0,1,0
34.54167,normal-autofire,-3128,-0.117011,0.415935,-0.132209,1,0,1,0
34.55000,normal-autofire,-3196,-0.230397,0.601711,-0.052000,0,0,1,0
34.55000,normal-autofire,-3170,-0.182836,0.581932,-0.052000,0,0,1,0
34.55000,normal-autofire,-3128,-0.115877,0.415260,-0.132722,1,0,1,0
34.55833,normal-autofire,-3196,-0.230052,0.620731,-0.052000,0,0,1,0
34.55833,normal-autofire,-3170,-0.177819,0.576430,-0.052000,0,0,1,0
34.55833,normal-autofire,-3128,-0.114742,0.414585,-0.133236,1,0,1,0
34.56667,normal-autofire,-3196,-0.229707,0.639068,-0.052000,0,0,1,0
34.56667,normal-autofire,-3170,-0.176334,0.574601,-0.052000,0,0,1,0
34.56667,normal-autofire,-3128,-0.113608,0.413909,-0.133749,1,0,1,0
34.57500,normal-autofire,-3196,-0.229361,0.656720,-0.052000,0,0,1,0
34.57500,normal-autofire,-3170,-0.180259,0.573322,-0.052000,0,0,1,0
34.57500,normal-autofire,-3128,-0.112473,0.413234,-0.134262,1,0,1,0
34.58333,normal-autofire,-3196,-0.224506,0.671764,-0.052000,0,0,1,0
34.58333,normal-autofire,-3170,-0.184182,0.571362,-0.052000,0,0,1,0
34.58333,normal-autofire,-3128,-0.111338,0.412559,-0.134776,1,0,1,0
34.59167,normal-autofire,-3196,-0.219650,0.686125,-0.052000,0,0,1,0
34.59167,normal-autofire,-3170,-0.188106,0.568721,-0.052000,0,0,1,0
34.59167,normal-autofire,-3128,-0.110204,0.411883,-0.135289,1,0,1,0
34.60000,normal-autofire,-3196,-0.214796,0.699803,-0.052000,0,0,1,0
34.60000,normal-autofire,-3170,-0.192029,0.565399,-0.052000,0,0,1,0
34.60000,normal-autofire,-3128,-0.109069,0.411208,-0.135802,1,0,1,0
34.60833,normal-autofire,-3196,-0.214911,0.712730,-0.052000,0,0,1,0
34.60833,normal-autofire,-3170,-0.195951,0.561396,-0.052000,0,0,1,0
34.60833,normal-autofire,-3128,-0.107934,0.410532,-0.136315,1,0,1,0
34.61666,normal-autofire,-3196,-0.214342,0.724983,-0.052000,0,0,1,0
34.61666,normal-autofire,-3170,-0.196045,0.557027,-0.052000,0,0,1,0
34.61666,normal-autofire,-3128,-0.106800,0.409857,-0.136829,1,0,1,0
34.62500,normal-autofire,-3196,-0.213670,0.736555,-0.052000,0,0,1,0
34.62500,normal-autofire,-3170,-0.196035,0.551985,-0.052000,0,0,1,0
34.62500,normal-autofire,-3128,-0.105665,0.409182,-0.137342,1,0,1,0
34.63334,normal-autofire,-3196,-0.213010,0.747444,-0.052000,0,0,1,0
34.63334,normal-autofire,-3170,-0.196000,0.546265,-0.052000,0,0,1,0
34.63334,normal-autofire,-3128,-0.104531,0.408506,-0.137855,1,0,1,0
34.64167,normal-autofire,-3196,-0.212343,0.757651,-0.052000,0,0,1,0
34.64167,normal-autofire,-3170,-0.195956,0.539866,-0.052000,0,0,1,0
34.64167,normal-autofire,-3128,-0.103396,0.407831,-0.138369,1,0,1,0
34.65000,normal-autofire,-3196,-0.209413,0.766327,-0.052000,0,0,1,0
34.65000,normal-autofire,-3170,-0.195907,0.532786,-0.052000,0,0,1,0
34.65000,normal-autofire,-3128,-0.102261,0.407156,-0.138882,1,0,1,0
34.65833,normal-autofire,-3196,-0.206795,0.774436,-0.052000,0,0,1,0
34.65833,normal-autofire,-3170,-0.195852,0.525027,-0.052000,0,0,1,0
34.65833,normal-autofire,-3128,-0.101005,0.406619,-0.139233,1,0,1,0
34.66667,normal-autofire,-3196,-0.202251,0.779379,-0.052000,0,0,1,0
34.66667,normal-autofire,-3170,-0.195793,0.516587,-0.052000,0,0,1,0
34.66667,normal-autofire,-3128,-0.099713,0.406124,-0.139535,1,0,1,0
34.67500,normal-autofire,-3196,-0.197709,0.783640,-0.052000,0,0,1,0
34.67500,normal-autofire,-3170,-0.195730,0.507469,-0.052000,0,0,1,0
34.67500,normal-autofire,-3128,-0.098420,0.405629,-0.139838,1,0,1,0
34.68333,normal-autofire,-3196,-0.193166,0.787219,-0.052000,0,0,1,0
34.68333,normal-autofire,-3170,-0.195661,0.497670,-0.052000,0,0,1,0
34.68333,normal-autofire,-3128,-0.097128,0.405134,-0.140140,1,0,1,0
34.69167,normal-autofire,-3196,-0.188624,0.790117,-0.052000,0,0,1,0
34.69167,normal-autofire,-3170,-0.195588,0.487192,-0.052000,0,0,1,0
34.69167,normal-autofire,-3128,-0.095835,0.404639,-0.140443,1,0,1,0
34.70000,normal-autofire,-3196,-0.184083,0.792334,-0.052000,0,0,1,0
34.70000,normal-autofire,-3170,-0.195510,0.476034,-0.052000,0,0,1,0
34.70000,normal-autofire,-3128,-0.094543,0.404144,-0.140745,1,0,1,0
34.70833,normal-autofire,-3196,-0.179543,0.793869,-0.052000,0,0,1,0
34.70833,normal-autofire,-3170,-0.195427,0.464197,-0.052000,0,0,1,0
34.70833,normal-autofire,-3128,-0.093250,0.403649,-0.141048,1,0,1,0
34.71667,normal-autofire,-3196,-0.175003,0.794722,-0.052000,0,0,1,0
34.71667,normal-autofire,-3170,-0.195340,0.451681,-0.052000,0,0,1,0
34.71667,normal-autofire,-3128,-0.091958,0.403154,-0.141350,1,0,1,0
34.72500,normal-autofire,-3196,-0.170463,0.794894,-0.052000,0,0,1,0
34.72500,normal-autofire,-3170,-0.195248,0.438486,-0.052000,0,0,1,0
34.72500,normal-autofire,-3128,-0.090666,0.402659,-0.141653,1,0,1,0
34.73333,normal-autofire,-3196,-0.165924,0.794385,-0.052000,0,0,1,0
34.73333,normal-autofire,-3170,-0.195155,0.424611,-0.052000,0,0,1,0
34.73333,normal-autofire,-3128,-0.089373,0.402164,-0.141955,1,0,1,0
34.74166,normal-autofire,-3196,-0.161386,0.793195,-0.052000,0,0,1,0
34.74166,normal-autofire,-3170,-0.195063,0.410056,-0.052000,0,0,1,0
34.74166,normal-autofire,-3128,-0.088081,0.401669,-0.142258,1,0,1,0
34.75000,normal-autofire,-3196,-0.156848,0.791324,-0.052000,0,0,1,0
34.75000,normal-autofire,-3170,-0.194971,0.394822,-0.052000,0,0,1,0
34.75000,normal-autofire,-3128,-0.086788,0.401174,-0.142560,1,0,1,0
34.75834,normal-autofire,-3196,-0.152311,0.788773,-0.052000,0,0,1,0
34.75834,normal-autofire,-3170,-0.194879,0.378909,-0.052000,0,0,1,0
34.75834,normal-autofire,-3128,-0.085496,0.400679,-0.142863,1,0,1,0
34.76667,normal-autofire,-3196,-0.147774,0.785540,-0.052000,0,0,1,0
34.76667,normal-autofire,-3170,-0.194787,0.362317,-0.052000,0,0,1,0
34.76667,normal-autofire,-3128,-0.084203,0.400184,-0.143165,1,0,1,0
34.77500,normal-autofire,-3196,-0.143238,0.781626,-0.052000,0,0,1,0
34.77500,normal-autofire,-3170,-0.194694,0.345046,-0.052000,0,0,1,0
34.77500,normal-autofire,-3128,-0.082911,0.399689,-0.143468,1,0,1,0
34.78333,normal-autofire,-3196,-0.138703,0.777032,-0.052000,0,0,1,0
34.78333,normal-autofire,-3170,-0.194602,0.327096,-0.052000,0,0,1,0
34.78333,normal-autofire,-3128,-0.081618,0.399194,-0.143770,1,0,1,0
34.79167,normal-autofire,-3196,-0.139592,0.774285,-0.052000,0,0,1,0
34.79167,normal-autofire,-3170,-0.194510,0.308466,-0.052000,0,0,1,0
34.79167,normal-autofire,-3128,-0.080326,0.398699,-0.144073,1,0,1,0
34.80000,normal-autofire,-3196,-0.140744,0.770979,-0.052000,0,0,1,0
34.80000,normal-autofire,-3170,-0.194418,0.289158,-0.052000,0,0,1,0
34.80000,normal-autofire,-3128,-0.079033,0.398204,-0.144375,1,0,1,0
34.80833,normal-autofire,-3196,-0.142116,0.767088,-0.052000,0,0,1,0
34.80833,normal-autofire,-3170,-0.194326,0.269171,-0.052000,0,0,1,0
34.80833,normal-autofire,-3128,-0.077741,0.397709,-0.144678,1,0,1,0
34.81667,normal-autofire,-3196,-0.143697,0.762609,-0.052000,0,0,1,0
34.81667,normal-autofire,-3170,-0.194234,0.248506,-0.052000,0,0,1,0
34.81667,normal-autofire,-3128,-0.076449,0.397214,-0.144980,1,0,1,0
34.82500,normal-autofire,-3196,-0.145488,0.757542,-0.052000,0,0,1,0
34.82500,normal-autofire,-3170,-0.194142,0.227162,-0.052000,0,0,1,0
34.82500,normal-autofire,-3128,-0.075156,0.396719,-0.145283,1,0,1,0
34.83333,normal-autofire,-3196,-0.147487,0.751886,-0.052000,0,0,1,0
34.83333,normal-autofire,-3170,-0.194092,0.215157,-0.052000,0,0,1,0
34.83333,normal-autofire,-3128,-0.073864,0.396224,-0.145585,1,0,1,0
34.84167,normal-autofire,-3196,-0.149693,0.745641,-0.052000,0,0,1,0
34.84167,normal-autofire,-3128,-0.072571,0.395729,-0.145888,1,0,1,0
34.85000,normal-autofire,-3196,-0.152108,0.738807,-0.052000,0,0,1,0
34.85000,normal-autofire,-3128,-0.071279,0.395234,-0.146190,1,0,1,0
34.85833,normal-autofire,-3196,-0.154523,0.731293,-0.052000,0,0,1,0
34.85833,normal-autofire,-3128,-0.069986,0.394739,-0.146493,1,0,1,0
34.86666,normal-autofire,-3196,-0.156937,0.723099,-0.052000,0,0,1,0
34.86666,normal-autofire,-3128,-0.068694,0.394244,-0.146795,1,0,1,0
34.87500,normal-autofire,-3196,-0.157494,0.714267,-0.052000,0,0,1,0
34.87500,normal-autofire,-3128,-0.067401,0.393750,-0.147098,1,0,1,0
34.88334,normal-autofire,-3196,-0.157275,0.713952,-0.052000,0,0,1,0
34.88334,normal-autofire,-3128,-0.066109,0.393255,-0.147400,1,0,1,0
34.89167,normal-autofire,-3196,-0.156920,0.713814,-0.052000,0,0,1,0
34.89167,normal-autofire,-3128,-0.064816,0.392760,-0.147703,1,0,1,0
34.90000,normal-autofire,-3196,-0.156434,0.713656,-0.052000,0,0,1,0
34.90000,normal-autofire,-3128,-0.063524,0.392265,-0.148005,1,0,1,0
34.90833,normal-autofire,-3196,-0.155786,0.713400,-0.052000,0,0,1,0
34.90833,normal-autofire,-3128,-0.062232,0.391770,-0.148308,1,0,1,0
34.91667,normal-autofire,-3196,-0.154943,0.712957,-0.052000,0,0,1,0
34.91667,normal-autofire,-3128,-0.060939,0.391275,-0.148610,1,0,1,0
34.92500,normal-autofire,-3196,-0.153899,0.712188,-0.052000,0,0,1,0
34.92500,normal-autofire,-3128,-0.059647,0.390780,-0.148913,1,0,1,0
34.93333,normal-autofire,-3196,-0.152730,0.710885,-0.052000,0,0,1,0
34.93333,normal-autofire,-3128,-0.058354,0.390285,-0.149215,1,0,1,0
34.94167,normal-autofire,-3196,-0.151562,0.708901,-0.052000,0,0,1,0
34.94167,normal-autofire,-3128,-0.057062,0.389790,-0.149518,1,0,1,0
34.95000,normal-autofire,-3196,-0.151112,0.706290,-0.052000,0,0,1,0
34.95000,normal-autofire,-3128,-0.055769,0.389295,-0.149820,1,0,1,0
34.95833,normal-autofire,-3196,-0.151023,0.703025,-0.052000,0,0,1,0
34.95833,normal-autofire,-3128,-0.054502,0.388717,-0.150027,1,0,1,0
34.96667,normal-autofire,-3196,-0.151005,0.699085,-0.052000,0,0,1,0
34.96667,normal-autofire,-3128,-0.053271,0.388019,-0.150094,1,0,1,0
34.97500,normal-autofire,-3196,-0.151001,0.694465,-0.052000,0,0,1,0
34.97500,normal-autofire,-3128,-0.052040,0.387320,-0.150160,1,0,1,0
34.98333,normal-autofire,-3196,-0.153723,0.691403,-0.052000,0,0,1,0
34.98333,normal-autofire,-3128,-0.050810,0.386622,-0.150227,1,0,1,0
34.99166,normal-autofire,-3196,-0.156083,0.687364,-0.052000,0,0,1,0
34.99166,normal-autofire,-3128,-0.049579,0.385923,-0.150293,1,0,1,0
35.00000,normal-autofire,-3196,-0.154548,0.686835,-0.052000,0,0,1,0
35.00000,normal-autofire,-3128,-0.048348,0.385225,-0.150360,1,0,1,0
35.00834,normal-autofire,-3196,-0.153456,0.684988,-0.052000,0,0,1,0
35.00834,normal-autofire,-3128,-0.047118,0.384526,-0.150426,1,0,1,0
35.01667,normal-autofire,-3196,-0.152397,0.682439,-0.052000,0,0,1,0
35.01667,normal-autofire,-3128,-0.045887,0.383828,-0.150493,1,0,1,0
35.02500,normal-autofire,-3196,-0.151339,0.679209,-0.052000,0,0,1,0
35.02500,normal-autofire,-3128,-0.044656,0.383129,-0.150559,1,0,1,0
35.03333,normal-autofire,-3196,-0.151068,0.675358,-0.052000,0,0,1,0
35.03333,normal-autofire,-3128,-0.043426,0.382431,-0.150626,1,0,1,0
35.04167,normal-autofire,-3196,-0.151014,0.670842,-0.052000,0,0,1,0
35.04167,normal-autofire,-3128,-0.042195,0.381732,-0.150692,1,0,1,0
35.05000,normal-autofire,-3196,-0.151003,0.665648,-0.052000,0,0,1,0
35.05000,normal-autofire,-3128,-0.040964,0.381034,-0.150759,1,0,1,0
35.05833,normal-autofire,-3196,-0.151001,0.659775,-0.052000,0,0,1,0
35.05833,normal-autofire,-3128,-0.039733,0.380335,-0.150825,1,0,1,0
35.06667,normal-autofire,-3196,-0.151000,0.653222,-0.052000,0,0,1,0
35.06667,normal-autofire,-3128,-0.038503,0.379637,-0.150892,1,0,1,0
35.07500,normal-autofire,-3196,-0.151000,0.645988,-0.052000,0,0,1,0
35.07500,normal-autofire,-3128,-0.037272,0.378938,-0.150958,1,0,1,0
35.08333,normal-autofire,-3196,-0.151000,0.638074,-0.052000,0,0,1,0
35.08333,normal-autofire,-3128,-0.036041,0.378240,-0.151025,1,0,1,0
35.09167,normal-autofire,-3196,-0.151000,0.630176,-0.052000,0,0,1,0
35.09167,normal-autofire,-3128,-0.034811,0.377541,-0.151091,1,0,1,0
35.10000,normal-autofire,-3196,-0.157009,0.627190,-0.052000,0,0,1,0
35.10000,normal-autofire,-3128,-0.033580,0.376843,-0.151158,1,0,1,0
35.10833,normal-autofire,-3196,-0.163017,0.623522,-0.052000,0,0,1,0
35.10833,normal-autofire,-3128,-0.032349,0.376144,-0.151224,1,0,1,0
35.11666,normal-autofire,-3196,-0.169025,0.619174,-0.052000,0,0,1,0
35.11666,normal-autofire,-3128,-0.031119,0.375446,-0.151291,1,0,1,0
35.12500,normal-autofire,-3196,-0.175032,0.614145,-0.052000,0,0,1,0
35.12500,normal-autofire,-3128,-0.029888,0.374747,-0.151357,1,0,1,0
35.13334,normal-autofire,-3196,-0.181038,0.608436,-0.052000,0,0,1,0
35.13334,normal-autofire,-3128,-0.028657,0.374049,-0.151424,1,0,1,0
35.14167,normal-autofire,-3196,-0.187043,0.602046,-0.052000,0,0,1,0
35.14167,normal-autofire,-3128,-0.027427,0.373350,-0.151490,1,0,1,0
35.15000,normal-autofire,-3196,-0.193048,0.594976,-0.052000,0,0,1,0
35.15000,normal-autofire,-3128,-0.026196,0.372652,-0.151557,1,0,1,0
35.15833,normal-autofire,-3196,-0.196333,0.590734,-0.052000,0,0,1,0
35.15833,normal-autofire,-3128,-0.024965,0.371953,-0.151624,1,0,1,0
35.16667,normal-autofire,-3196,-0.192976,0.583203,-0.052000,0,0,1,0
35.16667,normal-autofire,-3128,-0.023734,0.371255,-0.151690,1,0,1,0
35.17500,normal-autofire,-3196,-0.189620,0.574991,-0.052000,0,0,1,0
35.17500,normal-autofire,-3128,-0.022504,0.370556,-0.151757,1,0,1,0
35.18333,normal-autofire,-3196,-0.186264,0.566099,-0.052000,0,0,1,0
35.18333,normal-autofire,-3128,-0.021273,0.369858,-0.151823,1,0,1,0
35.19167,normal-autofire,-3196,-0.182908,0.556527,-0.052000,0,0,1,0
35.19167,normal-autofire,-3128,-0.020042,0.369159,-0.151890,1,0,1,0
35.20000,normal-autofire,-3196,-0.182027,0.553836,-0.052000,0,0,1,0
35.20000,normal-autofire,-3128,-0.018812,0.368461,-0.151956,1,0,1,0
35.20833,normal-autofire,-3196,-0.188327,0.548175,-0.052000,0,0,2,0
35.21667,normal-autofire,-3196,-0.194626,0.541834,-0.052000,0,0,2,0
35.22500,normal-autofire,-3196,-0.195960,0.540346,-0.052000,0,0,2,0
35.23333,normal-autofire,-3196,-0.193372,0.532706,-0.052000,0,0,2,0
35.24166,normal-autofire,-3196,-0.190786,0.524386,-0.052000,0,0,2,0
35.25000,normal-autofire,-3196,-0.188199,0.515386,-0.052000,0,0,2,0
35.25834,normal-autofire,-3196,-0.185613,0.505706,-0.052000,0,0,2,0
35.26667,normal-autofire,-3196,-0.183027,0.495345,-0.052000,0,0,2,0
35.27500,normal-autofire,-3196,-0.182766,0.484480,-0.052000,0,0,2,0
35.28333,normal-autofire,-3196,-0.182713,0.472950,-0.052000,0,0,2,0
35.29167,normal-autofire,-3196,-0.187741,0.465084,-0.052000,0,0,2,0
35.30000,normal-autofire,-3196,-0.192769,0.456538,-0.052000,0,0,2,0
35.30833,normal-autofire,-3196,-0.195341,0.451818,-0.052000,0,0,2,0
35.31667,normal-autofire,-3196,-0.193240,0.441962,-0.052000,0,0,2,0
35.32500,normal-autofire,-3196,-0.191140,0.431426,-0.052000,0,0,2,0
35.33333,normal-autofire,-3196,-0.191857,0.420780,-0.052000,0,0,2,0
35.34167,normal-autofire,-3196,-0.192574,0.409454,-0.052000,0,0,2,0
35.35000,normal-autofire,-3196,-0.193290,0.397449,-0.052000,0,0,2,0
35.35833,normal-autofire,-3196,-0.194007,0.384763,-0.052000,0,0,2,0
35.36666,normal-autofire,-3196,-0.194723,0.371399,-0.052000,0,0,2,0
35.37500,normal-autofire,-3196,-0.195439,0.357354,-0.052000,0,0,2,0
35.38334,normal-autofire,-3196,-0.196155,0.342631,-0.052000,0,0,2,0
35.39167,normal-autofire,-3196,-0.196871,0.327228,-0.052000,0,0,2,0
35.40000,normal-autofire,-3196,-0.197587,0.311145,-0.052000,0,0,2,0
35.40833,normal-autofire,-3196,-0.198303,0.294384,-0.052000,0,0,2,0
35.41667,normal-autofire,-3196,-0.199019,0.276944,-0.052000,0,0,2,0
35.42500,normal-autofire,-3196,-0.199735,0.258824,-0.052000,0,0,2,0
35.43333,normal-autofire,-3196,-0.200450,0.240026,-0.052000,0,0,2,0
35.44167,normal-autofire,-3196,-0.201166,0.220549,-0.052000,0,0,2,0
39.25000,bonus-autofire,-3222,-0.232000,0.234000,-0.052000,0,0,0,0
39.25834,bonus-autofire,-3222,-0.232000,0.279146,-0.052000,0,0,0,0
39.26667,bonus-autofire,-3222,-0.232000,0.323606,-0.052000,0,0,0,0
39.27500,bonus-autofire,-3222,-0.232000,0.367379,-0.052000,0,0,0,0
39.28333,bonus-autofire,-3222,-0.232000,0.410465,-0.052000,0,0,0,0
39.29167,bonus-autofire,-3222,-0.232000,0.452865,-0.052000,0,0,0,0
39.30000,bonus-autofire,-3222,-0.232000,0.494578,-0.052000,0,0,0,0
39.30833,bonus-autofire,-3222,-0.231482,0.535558,-0.052000,0,0,0,0
39.31667,bonus-autofire,-3222,-0.230844,0.575840,-0.052000,0,0,0,0
39.32500,bonus-autofire,-3222,-0.225631,0.614407,-0.052000,0,0,0,0
39.33333,bonus-autofire,-3222,-0.220418,0.652289,-0.052000,0,0,0,0
39.34167,bonus-autofire,-3222,-0.216700,0.678823,-0.052000,0,0,0,0
39.35000,bonus-autofire,-3222,-0.218785,0.715333,-0.052000,0,0,0,0
39.35833,bonus-autofire,-3222,-0.219450,0.726767,-0.052000,0,0,0,0
39.36666,bonus-autofire,-3222,-0.213768,0.735096,-0.052000,0,0,0,0
39.37500,bonus-autofire,-3222,-0.215314,0.743733,-0.052000,0,0,0,0
39.38334,bonus-autofire,-3222,-0.213700,0.745099,-0.052072,0,0,0,0
39.39167,bonus-autofire,-3222,-0.195433,0.759868,-0.052892,0,0,0,0
39.40000,bonus-autofire,-3222,-0.177169,0.773954,-0.053712,0,0,0,0
39.40833,bonus-autofire,-3222,-0.158907,0.787357,-0.054532,0,0,0,0
39.41667,bonus-autofire,-3222,-0.140647,0.800077,-0.055351,0,0,0,0
39.42500,bonus-autofire,-3222,-0.122390,0.812114,-0.056170,0,0,0,0
39.43333,bonus-autofire,-3222,-0.104135,0.823469,-0.056990,0,0,0,0
39.44167,bonus-autofire,-3222,-0.085882,0.834141,-0.057809,0,0,0,0
39.45000,bonus-autofire,-3222,-0.067632,0.844131,-0.058628,0,0,0,0
39.45833,bonus-autofire,-3222,-0.049384,0.853438,-0.059447,0,0,0,0
39.46667,bonus-autofire,-3222,-0.031138,0.862063,-0.060266,0,0,0,0
39.47500,bonus-autofire,-3222,-0.012894,0.870006,-0.061085,0,0,0,0
39.48333,bonus-autofire,-3222,0.005347,0.877266,-0.061903,0,0,0,0
39.49166,bonus-autofire,-3222,0.023587,0.883845,-0.062722,0,0,0,0
39.50000,bonus-autofire,-3222,0.041823,0.889741,-0.063540,0,0,0,0
39.50834,bonus-autofire,-3222,0.060058,0.894956,-0.064359,0,0,0,0
39.51667,bonus-autofire,-3222,0.078290,0.899489,-0.065177,0,0,0,0
39.52500,bonus-autofire,-3222,0.096520,0.903340,-0.065995,0,0,0,0
39.53333,bonus-autofire,-3222,0.114748,0.906509,-0.066813,0,0,0,0
39.54167,bonus-autofire,-3222,0.132973,0.908997,-0.067631,0,0,0,0
39.55000,bonus-autofire,-3222,0.151197,0.910803,-0.068449,0,0,0,0
39.55833,bonus-autofire,-3222,0.161121,0.911416,-0.068894,0,0,0,0
39.56667,bonus-autofire,-3222,0.166595,0.898318,-0.069379,0,0,0,0
39.57500,bonus-autofire,-3222,0.172057,0.884568,-0.069476,0,0,0,0
39.58333,bonus-autofire,-3222,0.177517,0.870144,-0.069495,0,0,0,0
39.59167,bonus-autofire,-3222,0.182977,0.855042,-0.069499,0,0,0,0
39.60000,bonus-autofire,-3222,0.188437,0.839261,-0.069500,0,0,0,0
39.60833,bonus-autofire,-3222,0.193896,0.822800,-0.069500,0,0,0,0
39.61666,bonus-autofire,-3222,0.199354,0.805661,-0.069500,0,0,0,0
39.62500,bonus-autofire,-3222,0.204811,0.787843,-0.069500,0,0,0,0
39.63334,bonus-autofire,-3222,0.210268,0.769346,-0.069500,0,0,0,0
39.64167,bonus-autofire,-3222,0.215724,0.750170,-0.069500,0,0,0,0
39.65000,bonus-autofire,-3222,0.211560,0.733986,-0.069473,0,0,0,0
39.65833,bonus-autofire,-3222,0.210557,0.729920,-0.069466,0,0,0,0
39.66667,bonus-autofire,-3222,0.221404,0.722967,-0.069439,0,0,0,0
39.67500,bonus-autofire,-3222,0.223051,0.721295,-0.069437,0,0,0,0
39.68333,bonus-autofire,-3222,0.217018,0.719826,-0.069426,0,0,0,0
39.69167,bonus-autofire,-3222,0.214189,0.718817,-0.069421,0,0,0,0
39.70000,bonus-autofire,-3222,0.216287,0.719687,-0.069410,0,0,0,0
39.70833,bonus-autofire,-3222,0.218384,0.719876,-0.069400,0,0,0,0
39.71667,bonus-autofire,-3222,0.220482,0.719383,-0.069389,0,0,0,0
39.72500,bonus-autofire,-3222,0.222579,0.718210,-0.069378,0,0,0,0
39.73333,bonus-autofire,-3222,0.222216,0.716293,-0.069364,0,0,0,0
39.74166,bonus-autofire,-3222,0.222153,0.713683,-0.069350,0,0,0,0
39.75000,bonus-autofire,-3222,0.220969,0.714444,-0.069330,0,0,0,0
39.75834,bonus-autofire,-3222,0.219757,0.714080,-0.069308,0,0,0,0
39.76667,bonus-autofire,-3222,0.218489,0.713098,-0.069285,0,0,0,0
39.77500,bonus-autofire,-3222,0.216901,0.711984,-0.069261,0,0,0,0
39.78333,bonus-autofire,-3222,0.215023,0.710688,-0.069237,0,0,0,0
39.79167,bonus-autofire,-3222,0.212861,0.709201,-0.069213,0,0,0,0
39.80000,bonus-autofire,-3222,0.210415,0.707519,-0.069188,0,0,0,0
39.80833,bonus-autofire,-3222,0.207685,0.705643,-0.069163,0,0,0,0
39.81667,bonus-autofire,-3222,0.204673,0.703572,-0.069138,0,0,0,0
39.82500,bonus-autofire,-3222,0.201378,0.701307,-0.069112,0,0,0,0
39.83333,bonus-autofire,-3222,0.198084,0.698360,-0.069087,0,0,0,0
39.84167,bonus-autofire,-3222,0.194790,0.694733,-0.069061,0,0,0,0
39.85000,bonus-autofire,-3222,0.191496,0.690426,-0.069036,0,0,0,0
39.85000,bonus-autofire,-3248,-0.232000,0.234000,-0.052000,0,0,0,0
39.85833,bonus-autofire,-3222,0.188203,0.685437,-0.069011,0,0,0,0
39.85833,bonus-autofire,-3248,-0.232000,0.279146,-0.052000,0,0,0,0
39.86666,bonus-autofire,-3222,0.189881,0.680141,-0.068985,0,0,0,0
39.86666,bonus-autofire,-3248,-0.232000,0.323606,-0.052000,0,0,0,0
39.87500,bonus-autofire,-3222,0.190216,0.674064,-0.068959,0,0,0,0
39.87500,bonus-autofire,-3248,-0.232000,0.367379,-0.052000,0,0,0,0
39.88334,bonus-autofire,-3222,0.190283,0.667286,-0.068932,0,0,0,0
39.88334,bonus-autofire,-3248,-0.232000,0.410465,-0.052000,0,0,0,0
39.89167,bonus-autofire,-3222,0.191954,0.660405,-0.068906,0,0,0,0
39.89167,bonus-autofire,-3248,-0.232000,0.452865,-0.052000,0,0,0,0
39.90000,bonus-autofire,-3222,0.193625,0.652844,-0.068879,0,0,0,0
39.90000,bonus-autofire,-3248,-0.232000,0.494578,-0.052000,0,0,0,0
39.90833,bonus-autofire,-3222,0.195296,0.644603,-0.068852,0,0,0,0
39.90833,bonus-autofire,-3248,-0.231482,0.535558,-0.052000,0,0,0,0
39.91667,bonus-autofire,-3222,0.196966,0.635681,-0.068825,0,0,0,0
39.91667,bonus-autofire,-3248,-0.230844,0.575840,-0.052000,0,0,0,0
39.92500,bonus-autofire,-3222,0.198636,0.626079,-0.068798,0,0,0,0
39.92500,bonus-autofire,-3248,-0.225631,0.614407,-0.052000,0,0,0,0
39.93333,bonus-autofire,-3222,0.200307,0.615798,-0.068771,0,0,0,0
39.93333,bonus-autofire,-3248,-0.220418,0.652289,-0.052000,0,0,0,0
39.94167,bonus-autofire,-3222,0.201976,0.604836,-0.068745,0,0,0,0
39.94167,bonus-autofire,-3248,-0.216700,0.678823,-0.052000,0,0,0,0
39.95000,bonus-autofire,-3222,0.203646,0.593195,-0.068718,0,0,0,0
39.95000,bonus-autofire,-3248,-0.218785,0.715333,-0.052000,0,0,0,0
39.95833,bonus-autofire,-3222,0.205315,0.580874,-0.068691,0,0,0,0
39.95833,bonus-autofire,-3248,-0.219450,0.726767,-0.052000,0,0,0,0
39.96667,bonus-autofire,-3222,0.206984,0.567873,-0.068664,0,0,0,0
39.96667,bonus-autofire,-3248,-0.213768,0.735096,-0.052000,0,0,0,0
39.97500,bonus-autofire,-3222,0.208653,0.554193,-0.068637,0,0,0,0
39.97500,bonus-autofire,-3248,-0.215314,0.743733,-0.052000,0,0,0,0
39.98333,bonus-autofire,-3222,0.206373,0.540852,-0.068609,0,0,0,0
39.98333,bonus-autofire,-3248,-0.213700,0.745099,-0.052072,0,0,0,0
39.99166,bonus-autofire,-3222,0.204092,0.526832,-0.068581,0,0,0,0
39.99166,bonus-autofire,-3248,-0.195433,0.759868,-0.052892,0,0,0,0
40.00000,bonus-autofire,-3222,0.201812,0.512132,-0.068553,0,0,0,0
40.00000,bonus-autofire,-3248,-0.177169,0.773954,-0.053712,0,0,0,0
40.00834,bonus-autofire,-3222,0.199532,0.496753,-0.068525,0,0,0,0
40.00834,bonus-autofire,-3248,-0.158907,0.787357,-0.054532,0,0,0,0
40.01667,bonus-autofire,-3222,0.197252,0.480695,-0.068497,0,0,0,0
40.01667,bonus-autofire,-3248,-0.140647,0.800077,-0.055351,0,0,0,0
40.02500,bonus-autofire,-3222,0.194973,0.463957,-0.068469,0,0,0,0
40.02500,bonus-autofire,-3248,-0.122390,0.812114,-0.056170,0,0,0,0
40.03333,bonus-autofire,-3222,0.192694,0.446541,-0.068441,0,0,0,0
40.03333,bonus-autofire,-3248,-0.104135,0.823469,-0.056990,0,0,0,0
40.04167,bonus-autofire,-3222,0.190415,0.428445,-0.068413,0,0,0,0
40.04167,bonus-autofire,-3248,-0.085882,0.834141,-0.057809,0,0,0,0
40.05000,bonus-autofire,-3222,0.188849,0.415544,-0.068393,0,0,0,0
40.05000,bonus-autofire,-3248,-0.067632,0.844131,-0.058628,0,0,0,0
40.05833,bonus-autofire,-3222,0.193678,0.421266,-0.068365,0,0,0,0
40.05833,bonus-autofire,-3248,-0.049384,0.853438,-0.059447,0,0,0,0
40.06667,bonus-autofire,-3222,0.198506,0.426306,-0.068337,0,0,0,0
40.06667,bonus-autofire,-3248,-0.031138,0.862063,-0.060266,0,0,0,0
40.07500,bonus-autofire,-3222,0.203333,0.430664,-0.068309,0,0,0,0
40.07500,bonus-autofire,-3248,-0.012894,0.870006,-0.061085,0,0,0,0
40.08333,bonus-autofire,-3222,0.208159,0.434340,-0.068281,0,0,0,0
40.08333,bonus-autofire,-3248,0.005347,0.877266,-0.061903,0,0,0,0
40.09167,bonus-autofire,-3222,0.212985,0.437335,-0.068253,0,0,0,0
40.09167,bonus-autofire,-3248,0.023587,0.883845,-0.062722,0,0,0,0
40.10000,bonus-autofire,-3222,0.217811,0.439649,-0.068225,0,0,0,0
40.10000,bonus-autofire,-3248,0.041823,0.889741,-0.063540,0,0,0,0
40.10833,bonus-autofire,-3222,0.222636,0.441281,-0.068197,0,0,0,0
40.10833,bonus-autofire,-3248,0.060058,0.894956,-0.064359,0,0,0,0
40.11666,bonus-autofire,-3222,0.227460,0.442231,-0.068169,0,0,0,0
40.11666,bonus-autofire,-3248,0.078290,0.899489,-0.065177,0,0,0,0
40.12500,bonus-autofire,-3222,0.232284,0.442500,-0.068141,0,0,0,0
40.12500,bonus-autofire,-3248,0.096520,0.903340,-0.065995,0,0,0,0
40.13334,bonus-autofire,-3222,0.237107,0.442088,-0.068113,0,0,0,0
40.13334,bonus-autofire,-3248,0.114748,0.906509,-0.066813,0,0,0,0
40.14167,bonus-autofire,-3222,0.240700,0.441274,-0.068092,0,0,0,0
40.14167,bonus-autofire,-3248,0.132973,0.908997,-0.067631,0,0,0,0
40.15000,bonus-autofire,-3222,0.238771,0.439500,-0.068064,0,0,0,0
40.15000,bonus-autofire,-3248,0.151197,0.910803,-0.068449,0,0,0,0
40.15833,bonus-autofire,-3222,0.236843,0.437045,-0.068036,0,0,0,0
40.15833,bonus-autofire,-3248,0.161121,0.911416,-0.068894,0,0,0,0
40.16667,bonus-autofire,-3222,0.234915,0.433909,-0.068008,0,0,0,0
40.16667,bonus-autofire,-3248,0.166595,0.898318,-0.069379,0,0,0,0
40.17500,bonus-autofire,-3222,0.232987,0.430092,-0.067980,0,0,0,0
40.17500,bonus-autofire,-3248,0.172057,0.884568,-0.069476,0,0,0,0
40.18333,bonus-autofire,-3222,0.231059,0.425595,-0.067952,0,0,0,0
40.18333,bonus-autofire,-3248,0.177517,0.870144,-0.069495,0,0,0,0
40.19167,bonus-autofire,-3222,0.229131,0.420417,-0.067924,0,0,0,0
40.19167,bonus-autofire,-3248,0.182977,0.855042,-0.069499,0,0,0,0
40.20000,bonus-autofire,-3222,0.227204,0.414558,-0.067896,0,0,0,0
40.20000,bonus-autofire,-3248,0.188437,0.839261,-0.069500,0,0,0,0
40.20833,bonus-autofire,-3222,0.225277,0.408019,-0.067868,0,0,0,0
40.20833,bonus-autofire,-3248,0.193896,0.822800,-0.069500,0,0,0,0
40.21667,bonus-autofire,-3222,0.223350,0.400800,-0.067840,0,0,0,0
40.21667,bonus-autofire,-3248,0.199354,0.805661,-0.069500,0,0,0,0
40.22500,bonus-autofire,-3222,0.221424,0.392901,-0.067812,0,0,0,0
40.22500,bonus-autofire,-3248,0.204811,0.787843,-0.069500,0,0,0,0
40.23333,bonus-autofire,-3222,0.219497,0.384321,-0.067784,0,0,0,0
40.23333,bonus-autofire,-3248,0.210268,0.769346,-0.069500,0,0,0,0
40.24166,bonus-autofire,-3222,0.217571,0.375061,-0.067756,0,0,0,0
40.24166,bonus-autofire,-3248,0.215724,0.750170,-0.069500,0,0,0,0
40.25000,bonus-autofire,-3222,0.215645,0.365121,-0.067728,0,0,0,0
40.25000,bonus-autofire,-3248,0.211560,0.733986,-0.069473,0,0,0,0
40.25834,bonus-autofire,-3222,0.213720,0.354502,-0.067700,0,0,0,0
40.25834,bonus-autofire,-3248,0.210557,0.729920,-0.069466,0,0,0,0
40.26667,bonus-autofire,-3248,0.221404,0.722967,-0.069439,0,1,0,1
40.27500,bonus-autofire,-3248,0.223051,0.721295,-0.069437,0,1,0,1
40.28333,bonus-autofire,-3248,0.217018,0.719826,-0.069426,0,1,0,1
40.29167,bonus-autofire,-3248,0.214189,0.718817,-0.069421,0,1,0,1
40.30000,bonus-autofire,-3248,0.216287,0.719687,-0.069410,0,1,0,1
40.30833,bonus-autofire,-3248,0.218384,0.719876,-0.069400,0,1,0,1
40.31667,bonus-autofire,-3248,0.220482,0.719383,-0.069389,0,1,0,1
40.32500,bonus-autofire,-3248,0.222579,0.718210,-0.069378,0,1,0,1
40.33333,bonus-autofire,-3248,0.222216,0.716293,-0.069364,0,1,0,1
40.34167,bonus-autofire,-3248,0.222153,0.713683,-0.069350,0,1,0,1
40.35000,bonus-autofire,-3248,0.220969,0.714444,-0.069330,0,1,0,1
40.35833,bonus-autofire,-3248,0.219757,0.714080,-0.069308,0,1,0,1
40.36666,bonus-autofire,-3248,0.218489,0.713098,-0.069285,0,1,0,1
40.37500,bonus-autofire,-3248,0.216901,0.711984,-0.069261,0,1,0,1
40.38334,bonus-autofire,-3248,0.215023,0.710688,-0.069237,0,1,0,1
40.39167,bonus-autofire,-3248,0.212861,0.709201,-0.069213,0,1,0,1
40.40000,bonus-autofire,-3248,0.210415,0.707519,-0.069188,0,1,0,1
40.40833,bonus-autofire,-3248,0.207685,0.705643,-0.069163,0,1,0,1
40.41667,bonus-autofire,-3248,0.204673,0.703572,-0.069138,0,1,0,1
40.42500,bonus-autofire,-3248,0.201378,0.701307,-0.069112,0,1,0,1
40.43333,bonus-autofire,-3248,0.198084,0.698360,-0.069087,0,1,0,1
40.44167,bonus-autofire,-3248,0.194790,0.694733,-0.069061,0,1,0,1
40.45000,bonus-autofire,-3274,-0.232000,0.234000,-0.052000,0,1,0,1
40.45000,bonus-autofire,-3248,0.191496,0.690426,-0.069036,0,1,0,1
40.45833,bonus-autofire,-3274,-0.232000,0.279146,-0.052000,0,1,0,1
40.45833,bonus-autofire,-3248,0.188203,0.685437,-0.069011,0,1,0,1
40.46667,bonus-autofire,-3274,-0.232000,0.323606,-0.052000,0,1,0,1
40.46667,bonus-autofire,-3248,0.189881,0.680141,-0.068985,0,1,0,1
40.47500,bonus-autofire,-3274,-0.232000,0.367379,-0.052000,0,1,0,1
40.47500,bonus-autofire,-3248,0.190216,0.674064,-0.068959,0,1,0,1
40.48333,bonus-autofire,-3274,-0.232000,0.410465,-0.052000,0,1,0,1
40.48333,bonus-autofire,-3248,0.190283,0.667286,-0.068932,0,1,0,1
40.49166,bonus-autofire,-3274,-0.232000,0.452865,-0.052000,0,1,0,1
40.49166,bonus-autofire,-3248,0.191954,0.660405,-0.068906,0,1,0,1
40.50000,bonus-autofire,-3274,-0.232000,0.494578,-0.052000,0,1,0,1
40.50000,bonus-autofire,-3248,0.193625,0.652844,-0.068879,0,1,0,1
40.50834,bonus-autofire,-3274,-0.231482,0.535558,-0.052000,0,1,0,1
40.50834,bonus-autofire,-3248,0.195296,0.644603,-0.068852,0,1,0,1
40.51667,bonus-autofire,-3274,-0.230844,0.575840,-0.052000,0,1,0,1
40.51667,bonus-autofire,-3248,0.196966,0.635681,-0.068825,0,1,0,1
40.52500,bonus-autofire,-3274,-0.225631,0.614407,-0.052000,0,1,0,1
40.52500,bonus-autofire,-3248,0.198636,0.626079,-0.068798,0,1,0,1
40.53333,bonus-autofire,-3274,-0.220418,0.652289,-0.052000,0,1,0,1
40.53333,bonus-autofire,-3248,0.200307,0.615798,-0.068771,0,1,0,1
40.54167,bonus-autofire,-3274,-0.216700,0.678823,-0.052000,0,1,0,1
40.54167,bonus-autofire,-3248,0.201976,0.604836,-0.068745,0,1,0,1
40.55000,bonus-autofire,-3274,-0.218785,0.715333,-0.052000,0,1,0,1
40.55000,bonus-autofire,-3248,0.203646,0.593195,-0.068718,0,1,0,1
40.55833,bonus-autofire,-3274,-0.219450,0.726767,-0.052000,0,1,0,1
40.55833,bonus-autofire,-3248,0.205315,0.580874,-0.068691,0,1,0,1
40.56667,bonus-autofire,-3274,-0.213768,0.735096,-0.052000,0,1,0,1
40.56667,bonus-autofire,-3248,0.206984,0.567873,-0.068664,0,1,0,1
40.57500,bonus-autofire,-3274,-0.215314,0.743733,-0.052000,0,1,0,1
40.57500,bonus-autofire,-3248,0.208653,0.554193,-0.068637,0,1,0,1
40.58333,bonus-autofire,-3274,-0.213700,0.745099,-0.052072,0,1,0,1
40.58333,bonus-autofire,-3248,0.206373,0.540852,-0.068609,0,1,0,1
40.59167,bonus-autofire,-3274,-0.195433,0.759868,-0.052892,0,1,0,1
40.59167,bonus-autofire,-3248,0.204092,0.526832,-0.068581,0,1,0,1
40.60000,bonus-autofire,-3274,-0.177169,0.773954,-0.053712,0,1,0,1
40.60000,bonus-autofire,-3248,0.201812,0.512132,-0.068553,0,1,0,1
40.60833,bonus-autofire,-3274,-0.158907,0.787357,-0.054532,0,1,0,1
40.60833,bonus-autofire,-3248,0.199532,0.496753,-0.068525,0,1,0,1
40.61666,bonus-autofire,-3274,-0.140647,0.800077,-0.055351,0,1,0,1
40.61666,bonus-autofire,-3248,0.197252,0.480695,-0.068497,0,1,0,1
40.62500,bonus-autofire,-3274,-0.122390,0.812114,-0.056170,0,1,0,1
40.62500,bonus-autofire,-3248,0.194973,0.463957,-0.068469,0,1,0,1
40.63334,bonus-autofire,-3274,-0.104135,0.823469,-0.056990,0,1,0,1
40.63334,bonus-autofire,-3248,0.192694,0.446541,-0.068441,0,1,0,1
40.64167,bonus-autofire,-3274,-0.085882,0.834141,-0.057809,0,1,0,1
40.64167,bonus-autofire,-3248,0.190415,0.428445,-0.068413,0,1,0,1
40.65000,bonus-autofire,-3274,-0.067632,0.844131,-0.058628,0,1,0,1
40.65000,bonus-autofire,-3248,0.188849,0.415544,-0.068393,0,1,0,1
40.65833,bonus-autofire,-3274,-0.049384,0.853438,-0.059447,0,1,0,1
40.65833,bonus-autofire,-3248,0.193678,0.421266,-0.068365,0,1,0,1
40.66667,bonus-autofire,-3274,-0.031138,0.862063,-0.060266,0,1,0,1
40.66667,bonus-autofire,-3248,0.198506,0.426306,-0.068337,0,1,0,1
40.67500,bonus-autofire,-3274,-0.012894,0.870006,-0.061085,0,1,0,1
40.67500,bonus-autofire,-3248,0.203333,0.430664,-0.068309,0,1,0,1
40.68333,bonus-autofire,-3274,0.005347,0.877266,-0.061903,0,1,0,1
40.68333,bonus-autofire,-3248,0.208159,0.434340,-0.068281,0,1,0,1
40.69167,bonus-autofire,-3274,0.023587,0.883845,-0.062722,0,1,0,1
40.69167,bonus-autofire,-3248,0.212985,0.437335,-0.068253,0,1,0,1
40.70000,bonus-autofire,-3274,0.041823,0.889741,-0.063540,0,1,0,1
40.70000,bonus-autofire,-3248,0.217811,0.439649,-0.068225,0,1,0,1
40.70833,bonus-autofire,-3274,0.060058,0.894956,-0.064359,0,1,0,1
40.70833,bonus-autofire,-3248,0.222636,0.441281,-0.068197,0,1,0,1
40.71667,bonus-autofire,-3274,0.078290,0.899489,-0.065177,0,1,0,1
40.71667,bonus-autofire,-3248,0.227460,0.442231,-0.068169,0,1,0,1
40.72500,bonus-autofire,-3274,0.096520,0.903340,-0.065995,0,1,0,1
40.72500,bonus-autofire,-3248,0.232284,0.442500,-0.068141,0,1,0,1
40.73333,bonus-autofire,-3274,0.114748,0.906509,-0.066813,0,1,0,1
40.73333,bonus-autofire,-3248,0.237107,0.442088,-0.068113,0,1,0,1
40.74166,bonus-autofire,-3274,0.132973,0.908997,-0.067631,0,1,0,1
40.74166,bonus-autofire,-3248,0.240700,0.441274,-0.068092,0,1,0,1
40.75000,bonus-autofire,-3274,0.151197,0.910803,-0.068449,0,1,0,1
40.75000,bonus-autofire,-3248,0.238771,0.439500,-0.068064,0,1,0,1
40.75834,bonus-autofire,-3274,0.161121,0.911416,-0.068894,0,1,0,1
40.75834,bonus-autofire,-3248,0.236843,0.437045,-0.068036,0,1,0,1
40.76667,bonus-autofire,-3274,0.166595,0.898318,-0.069379,0,1,0,1
40.76667,bonus-autofire,-3248,0.234915,0.433909,-0.068008,0,1,0,1
40.77500,bonus-autofire,-3274,0.172057,0.884568,-0.069476,0,1,0,1
40.77500,bonus-autofire,-3248,0.232987,0.430092,-0.067980,0,1,0,1
40.78333,bonus-autofire,-3274,0.177517,0.870144,-0.069495,0,1,0,1
40.78333,bonus-autofire,-3248,0.231059,0.425595,-0.067952,0,1,0,1
40.79167,bonus-autofire,-3274,0.182977,0.855042,-0.069499,0,1,0,1
40.79167,bonus-autofire,-3248,0.229131,0.420417,-0.067924,0,1,0,1
40.80000,bonus-autofire,-3274,0.188437,0.839261,-0.069500,0,1,0,1
40.80000,bonus-autofire,-3248,0.227204,0.414558,-0.067896,0,1,0,1
40.80833,bonus-autofire,-3274,0.193896,0.822800,-0.069500,0,1,0,1
40.80833,bonus-autofire,-3248,0.225277,0.408019,-0.067868,0,1,0,1
40.81667,bonus-autofire,-3274,0.199354,0.805661,-0.069500,0,1,0,1
40.81667,bonus-autofire,-3248,0.223350,0.400800,-0.067840,0,1,0,1
40.82500,bonus-autofire,-3274,0.204811,0.787843,-0.069500,0,1,0,1
40.82500,bonus-autofire,-3248,0.221424,0.392901,-0.067812,0,1,0,1
40.83333,bonus-autofire,-3274,0.210268,0.769346,-0.069500,0,1,0,1
40.83333,bonus-autofire,-3248,0.219497,0.384321,-0.067784,0,1,0,1
40.84167,bonus-autofire,-3274,0.215724,0.750170,-0.069500,0,1,0,1
40.84167,bonus-autofire,-3248,0.217571,0.375061,-0.067756,0,1,0,1
40.85000,bonus-autofire,-3274,0.211560,0.733986,-0.069473,0,1,0,1
40.85000,bonus-autofire,-3248,0.215645,0.365121,-0.067728,0,1,0,1
40.85833,bonus-autofire,-3274,0.210557,0.729920,-0.069466,0,1,0,1
40.85833,bonus-autofire,-3248,0.213720,0.354502,-0.067700,0,1,0,1
40.86666,bonus-autofire,-3274,0.221404,0.722967,-0.069439,0,2,0,2
40.87500,bonus-autofire,-3274,0.223051,0.721295,-0.069437,0,2,0,2
40.88334,bonus-autofire,-3274,0.217018,0.719826,-0.069426,0,2,0,2
40.89167,bonus-autofire,-3274,0.214189,0.718817,-0.069421,0,2,0,2
40.90000,bonus-autofire,-3274,0.216287,0.719687,-0.069410,0,2,0,2
40.90833,bonus-autofire,-3274,0.218384,0.719876,-0.069400,0,2,0,2
40.91667,bonus-autofire,-3274,0.220482,0.719383,-0.069389,0,2,0,2
40.92500,bonus-autofire,-3274,0.222579,0.718210,-0.069378,0,2,0,2
40.93333,bonus-autofire,-3274,0.222216,0.716293,-0.069364,0,2,0,2
40.94167,bonus-autofire,-3274,0.222153,0.713683,-0.069350,0,2,0,2
40.95000,bonus-autofire,-3274,0.220969,0.714444,-0.069330,0,2,0,2
40.95833,bonus-autofire,-3274,0.219757,0.714080,-0.069308,0,2,0,2
40.96667,bonus-autofire,-3274,0.218489,0.713098,-0.069285,0,2,0,2
40.97500,bonus-autofire,-3274,0.216901,0.711984,-0.069261,0,2,0,2
40.98333,bonus-autofire,-3274,0.215023,0.710688,-0.069237,0,2,0,2
40.99166,bonus-autofire,-3274,0.212861,0.709201,-0.069213,0,2,0,2
41.00000,bonus-autofire,-3274,0.210415,0.707519,-0.069188,0,2,0,2
41.00834,bonus-autofire,-3274,0.207685,0.705643,-0.069163,0,2,0,2
41.01667,bonus-autofire,-3274,0.204673,0.703572,-0.069138,0,2,0,2
41.02500,bonus-autofire,-3274,0.201378,0.701307,-0.069112,0,2,0,2
41.03333,bonus-autofire,-3274,0.198084,0.698360,-0.069087,0,2,0,2
41.04167,bonus-autofire,-3274,0.194790,0.694733,-0.069061,0,2,0,2
41.05000,bonus-autofire,-3288,-0.232000,0.234000,-0.052000,0,2,0,2
41.05000,bonus-autofire,-3274,0.191496,0.690426,-0.069036,0,2,0,2
41.05833,bonus-autofire,-3288,-0.232000,0.279146,-0.052000,0,2,0,2
41.05833,bonus-autofire,-3274,0.188203,0.685437,-0.069011,0,2,0,2
41.06667,bonus-autofire,-3288,-0.232000,0.323606,-0.052000,0,2,0,2
41.06667,bonus-autofire,-3274,0.189881,0.680141,-0.068985,0,2,0,2
41.07500,bonus-autofire,-3288,-0.232000,0.367379,-0.052000,0,2,0,2
41.07500,bonus-autofire,-3274,0.190216,0.674064,-0.068959,0,2,0,2
41.08333,bonus-autofire,-3288,-0.232000,0.410465,-0.052000,0,2,0,2
41.08333,bonus-autofire,-3274,0.190283,0.667286,-0.068932,0,2,0,2
41.09167,bonus-autofire,-3288,-0.232000,0.452865,-0.052000,0,2,0,2
41.09167,bonus-autofire,-3274,0.191954,0.660405,-0.068906,0,2,0,2
41.10000,bonus-autofire,-3288,-0.232000,0.494578,-0.052000,0,2,0,2
41.10000,bonus-autofire,-3274,0.193625,0.652844,-0.068879,0,2,0,2
41.10833,bonus-autofire,-3288,-0.231482,0.535558,-0.052000,0,2,0,2
41.10833,bonus-autofire,-3274,0.195296,0.644603,-0.068852,0,2,0,2
41.11666,bonus-autofire,-3288,-0.230844,0.575840,-0.052000,0,2,0,2
41.11666,bonus-autofire,-3274,0.196966,0.635681,-0.068825,0,2,0,2
41.12500,bonus-autofire,-3288,-0.225631,0.614407,-0.052000,0,2,0,2
41.12500,bonus-autofire,-3274,0.198636,0.626079,-0.068798,0,2,0,2
41.13334,bonus-autofire,-3288,-0.220418,0.652289,-0.052000,0,2,0,2
41.13334,bonus-autofire,-3274,0.200307,0.615798,-0.068771,0,2,0,2
41.14167,bonus-autofire,-3288,-0.216700,0.678823,-0.052000,0,2,0,2
41.14167,bonus-autofire,-3274,0.201976,0.604836,-0.068745,0,2,0,2
41.15000,bonus-autofire,-3288,-0.218785,0.715333,-0.052000,0,2,0,2
41.15000,bonus-autofire,-3274,0.203646,0.593195,-0.068718,0,2,0,2
41.15833,bonus-autofire,-3288,-0.219450,0.726767,-0.052000,0,2,0,2
41.15833,bonus-autofire,-3274,0.205315,0.580874,-0.068691,0,2,0,2
41.16667,bonus-autofire,-3288,-0.213768,0.735096,-0.052000,0,2,0,2
41.16667,bonus-autofire,-3274,0.206984,0.567873,-0.068664,0,2,0,2
41.17500,bonus-autofire,-3288,-0.215314,0.743733,-0.052000,0,2,0,2
41.17500,bonus-autofire,-3274,0.208653,0.554193,-0.068637,0,2,0,2
41.18333,bonus-autofire,-3288,-0.213700,0.745099,-0.052072,0,2,0,2
41.18333,bonus-autofire,-3274,0.206373,0.540852,-0.068609,0,2,0,2
41.19167,bonus-autofire,-3288,-0.195433,0.759868,-0.052892,0,2,0,2
41.19167,bonus-autofire,-3274,0.204092,0.526832,-0.068581,0,2,0,2
41.20000,bonus-autofire,-3288,-0.177169,0.773954,-0.053712,0,2,0,2
41.20000,bonus-autofire,-3274,0.201812,0.512132,-0.068553,0,2,0,2
41.20833,bonus-autofire,-3288,-0.158907,0.787357,-0.054532,0,2,0,2
41.20833,bonus-autofire,-3274,0.199532,0.496753,-0.068525,0,2,0,2
41.21667,bonus-autofire,-3288,-0.140647,0.800077,-0.055351,0,2,0,2
41.21667,bonus-autofire,-3274,0.197252,0.480695,-0.068497,0,2,0,2
41.22500,bonus-autofire,-3288,-0.122390,0.812114,-0.056170,0,2,0,2
41.22500,bonus-autofire,-3274,0.194973,0.463957,-0.068469,0,2,0,2
41.23333,bonus-autofire,-3288,-0.104135,0.823469,-0.056990,0,2,0,2
41.23333,bonus-autofire,-3274,0.192694,0.446541,-0.068441,0,2,0,2
41.24166,bonus-autofire,-3288,-0.085882,0.834141,-0.057809,0,2,0,2
41.24166,bonus-autofire,-3274,0.190415,0.428445,-0.068413,0,2,0,2
41.25000,bonus-autofire,-3288,-0.067632,0.844131,-0.058628,0,2,0,2
41.25000,bonus-autofire,-3274,0.188849,0.415544,-0.068393,0,2,0,2
41.25834,bonus-autofire,-3288,-0.049384,0.853438,-0.059447,0,2,0,2
41.25834,bonus-autofire,-3274,0.193678,0.421266,-0.068365,0,2,0,2
41.26667,bonus-autofire,-3288,-0.031138,0.862063,-0.060266,0,2,0,2
41.26667,bonus-autofire,-3274,0.198506,0.426306,-0.068337,0,2,0,2
41.27500,bonus-autofire,-3288,-0.012894,0.870006,-0.061085,0,2,0,2
41.27500,bonus-autofire,-3274,0.203333,0.430664,-0.068309,0,2,0,2
41.28333,bonus-autofire,-3288,0.005347,0.877266,-0.061903,0,2,0,2
41.28333,bonus-autofire,-3274,0.208159,0.434340,-0.068281,0,2,0,2
41.29167,bonus-autofire,-3288,0.023587,0.883845,-0.062722,0,2,0,2
41.29167,bonus-autofire,-3274,0.212985,0.437335,-0.068253,0,2,0,2
41.30000,bonus-autofire,-3288,0.041823,0.889741,-0.063540,0,2,0,2
41.30000,bonus-autofire,-3274,0.217811,0.439649,-0.068225,0,2,0,2
41.30833,bonus-autofire,-3288,0.060058,0.894956,-0.064359,0,2,0,2
41.30833,bonus-autofire,-3274,0.222636,0.441281,-0.068197,0,2,0,2
41.31667,bonus-autofire,-3288,0.078290,0.899489,-0.065177,0,2,0,2
41.31667,bonus-autofire,-3274,0.227460,0.442231,-0.068169,0,2,0,2
41.32500,bonus-autofire,-3288,0.096520,0.903340,-0.065995,0,2,0,2
41.32500,bonus-autofire,-3274,0.232284,0.442500,-0.068141,0,2,0,2
41.33333,bonus-autofire,-3288,0.114748,0.906509,-0.066813,0,2,0,2
41.33333,bonus-autofire,-3274,0.237107,0.442088,-0.068113,0,2,0,2
41.34167,bonus-autofire,-3288,0.132973,0.908997,-0.067631,0,2,0,2
41.34167,bonus-autofire,-3274,0.240700,0.441274,-0.068092,0,2,0,2
41.35000,bonus-autofire,-3288,0.151197,0.910803,-0.068449,0,2,0,2
41.35000,bonus-autofire,-3274,0.238771,0.439500,-0.068064,0,2,0,2
41.35833,bonus-autofire,-3288,0.161121,0.911416,-0.068894,0,2,0,2
41.35833,bonus-autofire,-3274,0.236843,0.437045,-0.068036,0,2,0,2
41.36666,bonus-autofire,-3288,0.166595,0.898318,-0.069379,0,2,0,2
41.36666,bonus-autofire,-3274,0.234915,0.433909,-0.068008,0,2,0,2
41.37500,bonus-autofire,-3288,0.172057,0.884568,-0.069476,0,2,0,2
41.37500,bonus-autofire,-3274,0.232987,0.430092,-0.067980,0,2,0,2
41.38334,bonus-autofire,-3288,0.177517,0.870144,-0.069495,0,2,0,2
41.38334,bonus-autofire,-3274,0.231059,0.425595,-0.067952,0,2,0,2
41.39167,bonus-autofire,-3288,0.182977,0.855042,-0.069499,0,2,0,2
41.39167,bonus-autofire,-3274,0.229131,0.420417,-0.067924,0,2,0,2
41.40000,bonus-autofire,-3288,0.188437,0.839261,-0.069500,0,2,0,2
41.40000,bonus-autofire,-3274,0.227204,0.414558,-0.067896,0,2,0,2
41.40833,bonus-autofire,-3288,0.193896,0.822800,-0.069500,0,2,0,2
41.40833,bonus-autofire,-3274,0.225277,0.408019,-0.067868,0,2,0,2
41.41667,bonus-autofire,-3288,0.199354,0.805661,-0.069500,0,2,0,2
41.41667,bonus-autofire,-3274,0.223350,0.400800,-0.067840,0,2,0,2
41.42500,bonus-autofire,-3288,0.204811,0.787843,-0.069500,0,2,0,2
41.42500,bonus-autofire,-3274,0.221424,0.392901,-0.067812,0,2,0,2
41.43333,bonus-autofire,-3288,0.210268,0.769346,-0.069500,0,2,0,2
41.43333,bonus-autofire,-3274,0.219497,0.384321,-0.067784,0,2,0,2
41.44167,bonus-autofire,-3288,0.215724,0.750170,-0.069500,0,2,0,2
41.44167,bonus-autofire,-3274,0.217571,0.375061,-0.067756,0,2,0,2
41.45000,bonus-autofire,-3288,0.211560,0.733986,-0.069473,0,2,0,2
41.45000,bonus-autofire,-3274,0.215645,0.365121,-0.067728,0,2,0,2
41.45833,bonus-autofire,-3288,0.210557,0.729920,-0.069466,0,2,0,2
41.45833,bonus-autofire,-3274,0.213720,0.354502,-0.067700,0,2,0,2
41.46667,bonus-autofire,-3288,0.221404,0.722967,-0.069439,0,3,0,3
41.47500,bonus-autofire,-3288,0.223051,0.721295,-0.069437,0,3,0,3
41.48333,bonus-autofire,-3288,0.217018,0.719826,-0.069426,0,3,0,3
41.49166,bonus-autofire,-3288,0.214189,0.718817,-0.069421,0,3,0,3
41.50000,bonus-autofire,-3288,0.216287,0.719687,-0.069410,0,3,0,3
41.50834,bonus-autofire,-3288,0.218384,0.719876,-0.069400,0,3,0,3
41.51667,bonus-autofire,-3288,0.220482,0.719383,-0.069389,0,3,0,3
41.52500,bonus-autofire,-3288,0.222579,0.718210,-0.069378,0,3,0,3
41.53333,bonus-autofire,-3288,0.222216,0.716293,-0.069364,0,3,0,3
41.54167,bonus-autofire,-3288,0.222153,0.713683,-0.069350,0,3,0,3
41.55000,bonus-autofire,-3288,0.220969,0.714444,-0.069330,0,3,0,3
41.55833,bonus-autofire,-3288,0.219757,0.714080,-0.069308,0,3,0,3
41.56667,bonus-autofire,-3288,0.218489,0.713098,-0.069285,0,3,0,3
41.57500,bonus-autofire,-3288,0.216901,0.711984,-0.069261,0,3,0,3
41.58333,bonus-autofire,-3288,0.215023,0.710688,-0.069237,0,3,0,3
41.59167,bonus-autofire,-3288,0.212861,0.709201,-0.069213,0,3,0,3
41.60000,bonus-autofire,-3288,0.210415,0.707519,-0.069188,0,3,0,3
41.60833,bonus-autofire,-3288,0.207685,0.705643,-0.069163,0,3,0,3
41.61666,bonus-autofire,-3288,0.204673,0.703572,-0.069138,0,3,0,3
41.62500,bonus-autofire,-3288,0.201378,0.701307,-0.069112,0,3,0,3
41.63334,bonus-autofire,-3288,0.198084,0.698360,-0.069087,0,3,0,3
41.64167,bonus-autofire,-3288,0.194790,0.694733,-0.069061,0,3,0,3
41.65000,bonus-autofire,-3288,0.191496,0.690426,-0.069036,0,3,0,3
41.65000,bonus-autofire,-3314,-0.232000,0.234000,-0.052000,0,3,0,3
41.65833,bonus-autofire,-3288,0.188203,0.685437,-0.069011,0,3,0,3
41.65833,bonus-autofire,-3314,-0.232000,0.279146,-0.052000,0,3,0,3
41.66667,bonus-autofire,-3288,0.189881,0.680141,-0.068985,0,3,0,3
41.66667,bonus-autofire,-3314,-0.232000,0.323606,-0.052000,0,3,0,3
41.67500,bonus-autofire,-3288,0.190216,0.674064,-0.068959,0,3,0,3
41.67500,bonus-autofire,-3314,-0.232000,0.367379,-0.052000,0,3,0,3
41.68333,bonus-autofire,-3288,0.190283,0.667286,-0.068932,0,3,0,3
41.68333,bonus-autofire,-3314,-0.232000,0.410465,-0.052000,0,3,0,3
41.69167,bonus-autofire,-3288,0.191954,0.660405,-0.068906,0,3,0,3
41.69167,bonus-autofire,-3314,-0.232000,0.452865,-0.052000,0,3,0,3
41.70000,bonus-autofire,-3288,0.193625,0.652844,-0.068879,0,3,0,3
41.70000,bonus-autofire,-3314,-0.232000,0.494578,-0.052000,0,3,0,3
41.70833,bonus-autofire,-3288,0.195296,0.644603,-0.068852,0,3,0,3
41.70833,bonus-autofire,-3314,-0.231482,0.535558,-0.052000,0,3,0,3
41.71667,bonus-autofire,-3288,0.196966,0.635681,-0.068825,0,3,0,3
41.71667,bonus-autofire,-3314,-0.230844,0.575840,-0.052000,0,3,0,3
41.72500,bonus-autofire,-3288,0.198636,0.626079,-0.068798,0,3,0,3
41.72500,bonus-autofire,-3314,-0.225631,0.614407,-0.052000,0,3,0,3
41.73333,bonus-autofire,-3288,0.200307,0.615798,-0.068771,0,3,0,3
41.73333,bonus-autofire,-3314,-0.220418,0.652289,-0.052000,0,3,0,3
41.74166,bonus-autofire,-3288,0.201976,0.604836,-0.068745,0,3,0,3
41.74166,bonus-autofire,-3314,-0.216700,0.678823,-0.052000,0,3,0,3
41.75000,bonus-autofire,-3288,0.203646,0.593195,-0.068718,0,3,0,3
41.75000,bonus-autofire,-3314,-0.218785,0.715333,-0.052000,0,3,0,3
41.75834,bonus-autofire,-3288,0.205315,0.580874,-0.068691,0,3,0,3
41.75834,bonus-autofire,-3314,-0.219450,0.726767,-0.052000,0,3,0,3
41.76667,bonus-autofire,-3288,0.206984,0.567873,-0.068664,0,3,0,3
41.76667,bonus-autofire,-3314,-0.213768,0.735096,-0.052000,0,3,0,3
41.77500,bonus-autofire,-3288,0.208653,0.554193,-0.068637,0,3,0,3
41.77500,bonus-autofire,-3314,-0.215314,0.743733,-0.052000,0,3,0,3
41.78333,bonus-autofire,-3288,0.206373,0.540852,-0.068609,0,3,0,3
41.78333,bonus-autofire,-3314,-0.213700,0.745099,-0.052072,0,3,0,3
41.79167,bonus-autofire,-3288,0.204092,0.526832,-0.068581,0,3,0,3
41.79167,bonus-autofire,-3314,-0.195433,0.759868,-0.052892,0,3,0,3
41.80000,bonus-autofire,-3288,0.201812,0.512132,-0.068553,0,3,0,3
41.80000,bonus-autofire,-3314,-0.177169,0.773954,-0.053712,0,3,0,3
41.80833,bonus-autofire,-3288,0.199532,0.496753,-0.068525,0,3,0,3
41.80833,bonus-autofire,-3314,-0.158907,0.787357,-0.054532,0,3,0,3
41.81667,bonus-autofire,-3288,0.197252,0.480695,-0.068497,0,3,0,3
41.81667,bonus-autofire,-3314,-0.140647,0.800077,-0.055351,0,3,0,3
41.82500,bonus-autofire,-3288,0.194973,0.463957,-0.068469,0,3,0,3
41.82500,bonus-autofire,-3314,-0.122390,0.812114,-0.056170,0,3,0,3
41.83333,bonus-autofire,-3288,0.192694,0.446541,-0.068441,0,3,0,3
41.83333,bonus-autofire,-3314,-0.104135,0.823469,-0.056990,0,3,0,3
41.84167,bonus-autofire,-3288,0.190415,0.428445,-0.068413,0,3,0,3
41.84167,bonus-autofire,-3314,-0.085882,0.834141,-0.057809,0,3,0,3
41.85000,bonus-autofire,-3288,0.188849,0.415544,-0.068393,0,3,0,3
41.85000,bonus-autofire,-3314,-0.067632,0.844131,-0.058628,0,3,0,3
41.85833,bonus-autofire,-3288,0.193678,0.421266,-0.068365,0,3,0,3
41.85833,bonus-autofire,-3314,-0.049384,0.853438,-0.059447,0,3,0,3
41.86666,bonus-autofire,-3288,0.198506,0.426306,-0.068337,0,3,0,3
41.86666,bonus-autofire,-3314,-0.031138,0.862063,-0.060266,0,3,0,3
41.87500,bonus-autofire,-3288,0.203333,0.430664,-0.068309,0,3,0,3
41.87500,bonus-autofire,-3314,-0.012894,0.870006,-0.061085,0,3,0,3
41.88334,bonus-autofire,-3288,0.208159,0.434340,-0.068281,0,3,0,3
41.88334,bonus-autofire,-3314,0.005347,0.877266,-0.061903,0,3,0,3
41.89167,bonus-autofire,-3288,0.212985,0.437335,-0.068253,0,3,0,3
41.89167,bonus-autofire,-3314,0.023587,0.883845,-0.062722,0,3,0,3
41.90000,bonus-autofire,-3288,0.217811,0.439649,-0.068225,0,3,0,3
41.90000,bonus-autofire,-3314,0.041823,0.889741,-0.063540,0,3,0,3
41.90833,bonus-autofire,-3288,0.222636,0.441281,-0.068197,0,3,0,3
41.90833,bonus-autofire,-3314,0.060058,0.894956,-0.064359,0,3,0,3
41.91667,bonus-autofire,-3288,0.227460,0.442231,-0.068169,0,3,0,3
41.91667,bonus-autofire,-3314,0.078290,0.899489,-0.065177,0,3,0,3
41.92500,bonus-autofire,-3288,0.232284,0.442500,-0.068141,0,3,0,3
41.92500,bonus-autofire,-3314,0.096520,0.903340,-0.065995,0,3,0,3
41.93333,bonus-autofire,-3288,0.237107,0.442088,-0.068113,0,3,0,3
41.93333,bonus-autofire,-3314,0.114748,0.906509,-0.066813,0,3,0,3
41.94167,bonus-autofire,-3288,0.240700,0.441274,-0.068092,0,3,0,3
41.94167,bonus-autofire,-3314,0.132973,0.908997,-0.067631,0,3,0,3
41.95000,bonus-autofire,-3288,0.238771,0.439500,-0.068064,0,3,0,3
41.95000,bonus-autofire,-3314,0.151197,0.910803,-0.068449,0,3,0,3
41.95833,bonus-autofire,-3288,0.236843,0.437045,-0.068036,0,3,0,3
41.95833,bonus-autofire,-3314,0.161121,0.911416,-0.068894,0,3,0,3
41.96667,bonus-autofire,-3288,0.234915,0.433909,-0.068008,0,3,0,3
41.96667,bonus-autofire,-3314,0.166595,0.898318,-0.069379,0,3,0,3
41.97500,bonus-autofire,-3288,0.232987,0.430092,-0.067980,0,3,0,3
41.97500,bonus-autofire,-3314,0.172057,0.884568,-0.069476,0,3,0,3
41.98333,bonus-autofire,-3288,0.231059,0.425595,-0.067952,0,3,0,3
41.98333,bonus-autofire,-3314,0.177517,0.870144,-0.069495,0,3,0,3
41.99166,bonus-autofire,-3288,0.229131,0.420417,-0.067924,0,3,0,3
41.99166,bonus-autofire,-3314,0.182977,0.855042,-0.069499,0,3,0,3
42.00000,bonus-autofire,-3288,0.227204,0.414558,-0.067896,0,3,0,3
42.00000,bonus-autofire,-3314,0.188437,0.839261,-0.069500,0,3,0,3
42.00834,bonus-autofire,-3288,0.225277,0.408019,-0.067868,0,3,0,3
42.00834,bonus-autofire,-3314,0.193896,0.822800,-0.069500,0,3,0,3
42.01667,bonus-autofire,-3288,0.223350,0.400800,-0.067840,0,3,0,3
42.01667,bonus-autofire,-3314,0.199354,0.805661,-0.069500,0,3,0,3
42.02500,bonus-autofire,-3288,0.221424,0.392901,-0.067812,0,3,0,3
42.02500,bonus-autofire,-3314,0.204811,0.787843,-0.069500,0,3,0,3
42.03333,bonus-autofire,-3288,0.219497,0.384321,-0.067784,0,3,0,3
42.03333,bonus-autofire,-3314,0.210268,0.769346,-0.069500,0,3,0,3
42.04167,bonus-autofire,-3288,0.217571,0.375061,-0.067756,0,3,0,3
42.04167,bonus-autofire,-3314,0.215724,0.750170,-0.069500,0,3,0,3
42.05000,bonus-autofire,-3288,0.215645,0.365121,-0.067728,0,3,0,3
42.05000,bonus-autofire,-3314,0.211560,0.733986,-0.069473,0,3,0,3
42.05833,bonus-autofire,-3288,0.213720,0.354502,-0.067700,0,3,0,3
42.05833,bonus-autofire,-3314,0.210557,0.729920,-0.069466,0,3,0,3
42.06667,bonus-autofire,-3314,0.221404,0.722967,-0.069439,0,4,0,4
42.07500,bonus-autofire,-3314,0.223051,0.721295,-0.069437,0,4,0,4
42.08333,bonus-autofire,-3314,0.217018,0.719826,-0.069426,0,4,0,4
42.09167,bonus-autofire,-3314,0.214189,0.718817,-0.069421,0,4,0,4
42.10000,bonus-autofire,-3314,0.216287,0.719687,-0.069410,0,4,0,4
42.10833,bonus-autofire,-3314,0.218384,0.719876,-0.069400,0,4,0,4
42.11666,bonus-autofire,-3314,0.220482,0.719383,-0.069389,0,4,0,4
42.12500,bonus-autofire,-3314,0.222579,0.718210,-0.069378,0,4,0,4
42.13334,bonus-autofire,-3314,0.222216,0.716293,-0.069364,0,4,0,4
42.14167,bonus-autofire,-3314,0.222153,0.713683,-0.069350,0,4,0,4
42.15000,bonus-autofire,-3314,0.220969,0.714444,-0.069330,0,4,0,4
42.15833,bonus-autofire,-3314,0.219757,0.714080,-0.069308,0,4,0,4
42.16667,bonus-autofire,-3314,0.218489,0.713098,-0.069285,0,4,0,4
42.17500,bonus-autofire,-3314,0.216901,0.711984,-0.069261,0,4,0,4
42.18333,bonus-autofire,-3314,0.215023,0.710688,-0.069237,0,4,0,4
42.19167,bonus-autofire,-3314,0.212861,0.709201,-0.069213,0,4,0,4
42.20000,bonus-autofire,-3314,0.210415,0.707519,-0.069188,0,4,0,4
42.20833,bonus-autofire,-3314,0.207685,0.705643,-0.069163,0,4,0,4
42.21667,bonus-autofire,-3314,0.204673,0.703572,-0.069138,0,4,0,4
42.22500,bonus-autofire,-3314,0.201378,0.701307,-0.069112,0,4,0,4
42.23333,bonus-autofire,-3314,0.198084,0.698360,-0.069087,0,4,0,4
42.24166,bonus-autofire,-3314,0.194790,0.694733,-0.069061,0,4,0,4
42.25000,bonus-autofire,-3314,0.191496,0.690426,-0.069036,0,4,0,4
42.25000,bonus-autofire,-3340,-0.232000,0.234000,-0.052000,0,4,0,4
42.25834,bonus-autofire,-3314,0.188203,0.685437,-0.069011,0,4,0,4
42.25834,bonus-autofire,-3340,-0.232000,0.279146,-0.052000,0,4,0,4
42.26667,bonus-autofire,-3314,0.189881,0.680141,-0.068985,0,4,0,4
42.26667,bonus-autofire,-3340,-0.232000,0.323606,-0.052000,0,4,0,4
42.27500,bonus-autofire,-3314,0.190216,0.674064,-0.068959,0,4,0,4
42.27500,bonus-autofire,-3340,-0.232000,0.367379,-0.052000,0,4,0,4
42.28333,bonus-autofire,-3314,0.190283,0.667286,-0.068932,0,4,0,4
42.28333,bonus-autofire,-3340,-0.232000,0.410465,-0.052000,0,4,0,4
42.29167,bonus-autofire,-3314,0.191954,0.660405,-0.068906,0,4,0,4
42.29167,bonus-autofire,-3340,-0.232000,0.452865,-0.052000,0,4,0,4
42.30000,bonus-autofire,-3314,0.193625,0.652844,-0.068879,0,4,0,4
42.30000,bonus-autofire,-3340,-0.232000,0.494578,-0.052000,0,4,0,4
42.30833,bonus-autofire,-3314,0.195296,0.644603,-0.068852,0,4,0,4
42.30833,bonus-autofire,-3340,-0.231482,0.535558,-0.052000,0,4,0,4
42.31667,bonus-autofire,-3314,0.196966,0.635681,-0.068825,0,4,0,4
42.31667,bonus-autofire,-3340,-0.230844,0.575840,-0.052000,0,4,0,4
42.32500,bonus-autofire,-3314,0.198636,0.626079,-0.068798,0,4,0,4
42.32500,bonus-autofire,-3340,-0.225631,0.614407,-0.052000,0,4,0,4
42.33333,bonus-autofire,-3314,0.200307,0.615798,-0.068771,0,4,0,4
42.33333,bonus-autofire,-3340,-0.220418,0.652289,-0.052000,0,4,0,4
42.34167,bonus-autofire,-3314,0.201976,0.604836,-0.068745,0,4,0,4
42.34167,bonus-autofire,-3340,-0.216700,0.678823,-0.052000,0,4,0,4
42.35000,bonus-autofire,-3314,0.203646,0.593195,-0.068718,0,4,0,4
42.35000,bonus-autofire,-3340,-0.218785,0.715333,-0.052000,0,4,0,4
42.35833,bonus-autofire,-3314,0.205315,0.580874,-0.068691,0,4,0,4
42.35833,bonus-autofire,-3340,-0.219450,0.726767,-0.052000,0,4,0,4
42.36666,bonus-autofire,-3314,0.206984,0.567873,-0.068664,0,4,0,4
42.36666,bonus-autofire,-3340,-0.213768,0.735096,-0.052000,0,4,0,4
42.37500,bonus-autofire,-3314,0.208653,0.554193,-0.068637,0,4,0,4
42.37500,bonus-autofire,-3340,-0.215314,0.743733,-0.052000,0,4,0,4
42.38334,bonus-autofire,-3314,0.206373,0.540852,-0.068609,0,4,0,4
42.38334,bonus-autofire,-3340,-0.213700,0.745099,-0.052072,0,4,0,4
42.39167,bonus-autofire,-3314,0.204092,0.526832,-0.068581,0,4,0,4
42.39167,bonus-autofire,-3340,-0.195433,0.759868,-0.052892,0,4,0,4
42.40000,bonus-autofire,-3314,0.201812,0.512132,-0.068553,0,4,0,4
42.40000,bonus-autofire,-3340,-0.177169,0.773954,-0.053712,0,4,0,4
42.40833,bonus-autofire,-3314,0.199532,0.496753,-0.068525,0,4,0,4
42.40833,bonus-autofire,-3340,-0.158907,0.787357,-0.054532,0,4,0,4
42.41667,bonus-autofire,-3314,0.197252,0.480695,-0.068497,0,4,0,4
42.41667,bonus-autofire,-3340,-0.140647,0.800077,-0.055351,0,4,0,4
42.42500,bonus-autofire,-3314,0.194973,0.463957,-0.068469,0,4,0,4
42.42500,bonus-autofire,-3340,-0.122390,0.812114,-0.056170,0,4,0,4
42.43333,bonus-autofire,-3314,0.192694,0.446541,-0.068441,0,4,0,4
42.43333,bonus-autofire,-3340,-0.104135,0.823469,-0.056990,0,4,0,4
42.44167,bonus-autofire,-3314,0.190415,0.428445,-0.068413,0,4,0,4
42.44167,bonus-autofire,-3340,-0.085882,0.834141,-0.057809,0,4,0,4
42.45000,bonus-autofire,-3314,0.188849,0.415544,-0.068393,0,4,0,4
42.45000,bonus-autofire,-3340,-0.067632,0.844131,-0.058628,0,4,0,4
42.45833,bonus-autofire,-3314,0.193678,0.421266,-0.068365,0,4,0,4
42.45833,bonus-autofire,-3340,-0.049384,0.853438,-0.059447,0,4,0,4
42.46667,bonus-autofire,-3314,0.198506,0.426306,-0.068337,0,4,0,4
42.46667,bonus-autofire,-3340,-0.031138,0.862063,-0.060266,0,4,0,4
42.47500,bonus-autofire,-3314,0.203333,0.430664,-0.068309,0,4,0,4
42.47500,bonus-autofire,-3340,-0.012894,0.870006,-0.061085,0,4,0,4
42.48333,bonus-autofire,-3314,0.208159,0.434340,-0.068281,0,4,0,4
42.48333,bonus-autofire,-3340,0.005347,0.877266,-0.061903,0,4,0,4
42.49166,bonus-autofire,-3314,0.212985,0.437335,-0.068253,0,4,0,4
42.49166,bonus-autofire,-3340,0.023587,0.883845,-0.062722,0,4,0,4
42.50000,bonus-autofire,-3314,0.217811,0.439649,-0.068225,0,4,0,4
42.50000,bonus-autofire,-3340,0.041823,0.889741,-0.063540,0,4,0,4
42.50834,bonus-autofire,-3314,0.222636,0.441281,-0.068197,0,4,0,4
42.50834,bonus-autofire,-3340,0.060058,0.894956,-0.064359,0,4,0,4
42.51667,bonus-autofire,-3314,0.227460,0.442231,-0.068169,0,4,0,4
42.51667,bonus-autofire,-3340,0.078290,0.899489,-0.065177,0,4,0,4
42.52500,bonus-autofire,-3314,0.232284,0.442500,-0.068141,0,4,0,4
42.52500,bonus-autofire,-3340,0.096520,0.903340,-0.065995,0,4,0,4
42.53333,bonus-autofire,-3314,0.237107,0.442088,-0.068113,0,4,0,4
42.53333,bonus-autofire,-3340,0.114748,0.906509,-0.066813,0,4,0,4
42.54167,bonus-autofire,-3314,0.240700,0.441274,-0.068092,0,4,0,4
42.54167,bonus-autofire,-3340,0.132973,0.908997,-0.067631,0,4,0,4
42.55000,bonus-autofire,-3314,0.238771,0.439500,-0.068064,0,4,0,4
42.55000,bonus-autofire,-3340,0.151197,0.910803,-0.068449,0,4,0,4
42.55833,bonus-autofire,-3314,0.236843,0.437045,-0.068036,0,4,0,4
42.55833,bonus-autofire,-3340,0.161121,0.911416,-0.068894,0,4,0,4
42.56667,bonus-autofire,-3314,0.234915,0.433909,-0.068008,0,4,0,4
42.56667,bonus-autofire,-3340,0.166595,0.898318,-0.069379,0,4,0,4
42.57500,bonus-autofire,-3314,0.232987,0.430092,-0.067980,0,4,0,4
42.57500,bonus-autofire,-3340,0.172057,0.884568,-0.069476,0,4,0,4
42.58333,bonus-autofire,-3314,0.231059,0.425595,-0.067952,0,4,0,4
42.58333,bonus-autofire,-3340,0.177517,0.870144,-0.069495,0,4,0,4
42.59167,bonus-autofire,-3314,0.229131,0.420417,-0.067924,0,4,0,4
42.59167,bonus-autofire,-3340,0.182977,0.855042,-0.069499,0,4,0,4
42.60000,bonus-autofire,-3314,0.227204,0.414558,-0.067896,0,4,0,4
42.60000,bonus-autofire,-3340,0.188437,0.839261,-0.069500,0,4,0,4
42.60833,bonus-autofire,-3314,0.225277,0.408019,-0.067868,0,4,0,4
42.60833,bonus-autofire,-3340,0.193896,0.822800,-0.069500,0,4,0,4
42.61666,bonus-autofire,-3314,0.223350,0.400800,-0.067840,0,4,0,4
42.61666,bonus-autofire,-3340,0.199354,0.805661,-0.069500,0,4,0,4
42.62500,bonus-autofire,-3314,0.221424,0.392901,-0.067812,0,4,0,4
42.62500,bonus-autofire,-3340,0.204811,0.787843,-0.069500,0,4,0,4
42.63334,bonus-autofire,-3314,0.219497,0.384321,-0.067784,0,4,0,4
42.63334,bonus-autofire,-3340,0.210268,0.769346,-0.069500,0,4,0,4
42.64167,bonus-autofire,-3314,0.217571,0.375061,-0.067756,0,4,0,4
42.64167,bonus-autofire,-3340,0.215724,0.750170,-0.069500,0,4,0,4
42.65000,bonus-autofire,-3314,0.215645,0.365121,-0.067728,0,4,0,4
42.65000,bonus-autofire,-3340,0.211560,0.733986,-0.069473,0,4,0,4
42.65833,bonus-autofire,-3314,0.213720,0.354502,-0.067700,0,4,0,4
42.65833,bonus-autofire,-3340,0.210557,0.729920,-0.069466,0,4,0,4
42.66667,bonus-autofire,-3340,0.221404,0.722967,-0.069439,0,5,0,5
42.67500,bonus-autofire,-3340,0.223051,0.721295,-0.069437,0,5,0,5
42.68333,bonus-autofire,-3340,0.217018,0.719826,-0.069426,0,5,0,5
42.69167,bonus-autofire,-3340,0.214189,0.718817,-0.069421,0,5,0,5
42.70000,bonus-autofire,-3340,0.216287,0.719687,-0.069410,0,5,0,5
42.70833,bonus-autofire,-3340,0.218384,0.719876,-0.069400,0,5,0,5
42.71667,bonus-autofire,-3340,0.220482,0.719383,-0.069389,0,5,0,5
42.72500,bonus-autofire,-3340,0.222579,0.718210,-0.069378,0,5,0,5
42.73333,bonus-autofire,-3340,0.222216,0.716293,-0.069364,0,5,0,5
42.74166,bonus-autofire,-3340,0.222153,0.713683,-0.069350,0,5,0,5
42.75000,bonus-autofire,-3340,0.220969,0.714444,-0.069330,0,5,0,5
42.75834,bonus-autofire,-3340,0.219757,0.714080,-0.069308,0,5,0,5
42.76667,bonus-autofire,-3340,0.218489,0.713098,-0.069285,0,5,0,5
42.77500,bonus-autofire,-3340,0.216901,0.711984,-0.069261,0,5,0,5
42.78333,bonus-autofire,-3340,0.215023,0.710688,-0.069237,0,5,0,5
42.79167,bonus-autofire,-3340,0.212861,0.709201,-0.069213,0,5,0,5
42.80000,bonus-autofire,-3340,0.210415,0.707519,-0.069188,0,5,0,5
42.80833,bonus-autofire,-3340,0.207685,0.705643,-0.069163,0,5,0,5
42.81667,bonus-autofire,-3340,0.204673,0.703572,-0.069138,0,5,0,5
42.82500,bonus-autofire,-3340,0.201378,0.701307,-0.069112,0,5,0,5
42.83333,bonus-autofire,-3340,0.198084,0.698360,-0.069087,0,5,0,5
42.84167,bonus-autofire,-3340,0.194790,0.694733,-0.069061,0,5,0,5
42.85000,bonus-autofire,-3366,-0.232000,0.234000,-0.052000,0,5,0,5
42.85000,bonus-autofire,-3340,0.191496,0.690426,-0.069036,0,5,0,5
42.85833,bonus-autofire,-3366,-0.232000,0.279146,-0.052000,0,5,0,5
42.85833,bonus-autofire,-3340,0.188203,0.685437,-0.069011,0,5,0,5
42.86666,bonus-autofire,-3366,-0.232000,0.323606,-0.052000,0,5,0,5
42.86666,bonus-autofire,-3340,0.189881,0.680141,-0.068985,0,5,0,5
42.87500,bonus-autofire,-3366,-0.232000,0.367379,-0.052000,0,5,0,5
42.87500,bonus-autofire,-3340,0.190216,0.674064,-0.068959,0,5,0,5
42.88334,bonus-autofire,-3366,-0.232000,0.410465,-0.052000,0,5,0,5
42.88334,bonus-autofire,-3340,0.190283,0.667286,-0.068932,0,5,0,5
42.89167,bonus-autofire,-3366,-0.232000,0.452865,-0.052000,0,5,0,5
42.89167,bonus-autofire,-3340,0.191954,0.660405,-0.068906,0,5,0,5
42.90000,bonus-autofire,-3366,-0.232000,0.494578,-0.052000,0,5,0,5
42.90000,bonus-autofire,-3340,0.193625,0.652844,-0.068879,0,5,0,5
42.90833,bonus-autofire,-3366,-0.231482,0.535558,-0.052000,0,5,0,5
42.90833,bonus-autofire,-3340,0.195296,0.644603,-0.068852,0,5,0,5
42.91667,bonus-autofire,-3366,-0.230844,0.575840,-0.052000,0,5,0,5
42.91667,bonus-autofire,-3340,0.196966,0.635681,-0.068825,0,5,0,5
42.92500,bonus-autofire,-3366,-0.225631,0.614407,-0.052000,0,5,0,5
42.92500,bonus-autofire,-3340,0.198636,0.626079,-0.068798,0,5,0,5
42.93333,bonus-autofire,-3366,-0.220418,0.652289,-0.052000,0,5,0,5
42.93333,bonus-autofire,-3340,0.200307,0.615798,-0.068771,0,5,0,5
42.94167,bonus-autofire,-3366,-0.216700,0.678823,-0.052000,0,5,0,5
42.94167,bonus-autofire,-3340,0.201976,0.604836,-0.068745,0,5,0,5
42.95000,bonus-autofire,-3366,-0.218785,0.715333,-0.052000,0,5,0,5
42.95000,bonus-autofire,-3340,0.203646,0.593195,-0.068718,0,5,0,5
42.95833,bonus-autofire,-3366,-0.219450,0.726767,-0.052000,0,5,0,5
42.95833,bonus-autofire,-3340,0.205315,0.580874,-0.068691,0,5,0,5
42.96667,bonus-autofire,-3366,-0.213768,0.735096,-0.052000,0,5,0,5
42.96667,bonus-autofire,-3340,0.206984,0.567873,-0.068664,0,5,0,5
42.97500,bonus-autofire,-3366,-0.215314,0.743733,-0.052000,0,5,0,5
42.97500,bonus-autofire,-3340,0.208653,0.554193,-0.068637,0,5,0,5
42.98333,bonus-autofire,-3366,-0.213700,0.745099,-0.052072,0,5,0,5
42.98333,bonus-autofire,-3340,0.206373,0.540852,-0.068609,0,5,0,5
42.99166,bonus-autofire,-3366,-0.195433,0.759868,-0.052892,0,5,0,5
42.99166,bonus-autofire,-3340,0.204092,0.526832,-0.068581,0,5,0,5
43.00000,bonus-autofire,-3366,-0.177169,0.773954,-0.053712,0,5,0,5
43.00000,bonus-autofire,-3340,0.201812,0.512132,-0.068553,0,5,0,5
43.00834,bonus-autofire,-3366,-0.158907,0.787357,-0.054532,0,5,0,5
43.00834,bonus-autofire,-3340,0.199532,0.496753,-0.068525,0,5,0,5
43.01667,bonus-autofire,-3366,-0.140647,0.800077,-0.055351,0,5,0,5
43.01667,bonus-autofire,-3340,0.197252,0.480695,-0.068497,0,5,0,5
43.02500,bonus-autofire,-3366,-0.122390,0.812114,-0.056170,0,5,0,5
43.02500,bonus-autofire,-3340,0.194973,0.463957,-0.068469,0,5,0,5
43.03333,bonus-autofire,-3366,-0.104135,0.823469,-0.056990,0,5,0,5
43.03333,bonus-autofire,-3340,0.192694,0.446541,-0.068441,0,5,0,5
43.04167,bonus-autofire,-3366,-0.085882,0.834141,-0.057809,0,5,0,5
43.04167,bonus-autofire,-3340,0.190415,0.428445,-0.068413,0,5,0,5
43.05000,bonus-autofire,-3366,-0.067632,0.844131,-0.058628,0,5,0,5
43.05000,bonus-autofire,-3340,0.188849,0.415544,-0.068393,0,5,0,5
43.05833,bonus-autofire,-3366,-0.049384,0.853438,-0.059447,0,5,0,5
43.05833,bonus-autofire,-3340,0.193678,0.421266,-0.068365,0,5,0,5
43.06667,bonus-autofire,-3366,-0.031138,0.862063,-0.060266,0,5,0,5
43.06667,bonus-autofire,-3340,0.198506,0.426306,-0.068337,0,5,0,5
43.07500,bonus-autofire,-3366,-0.012894,0.870006,-0.061085,0,5,0,5
43.07500,bonus-autofire,-3340,0.203333,0.430664,-0.068309,0,5,0,5
43.08333,bonus-autofire,-3366,0.005347,0.877266,-0.061903,0,5,0,5
43.08333,bonus-autofire,-3340,0.208159,0.434340,-0.068281,0,5,0,5
43.09167,bonus-autofire,-3366,0.023587,0.883845,-0.062722,0,5,0,5
43.09167,bonus-autofire,-3340,0.212985,0.437335,-0.068253,0,5,0,5
43.10000,bonus-autofire,-3366,0.041823,0.889741,-0.063540,0,5,0,5
43.10000,bonus-autofire,-3340,0.217811,0.439649,-0.068225,0,5,0,5
43.10833,bonus-autofire,-3366,0.060058,0.894956,-0.064359,0,5,0,5
43.10833,bonus-autofire,-3340,0.222636,0.441281,-0.068197,0,5,0,5
43.11666,bonus-autofire,-3366,0.078290,0.899489,-0.065177,0,5,0,5
43.11666,bonus-autofire,-3340,0.227460,0.442231,-0.068169,0,5,0,5
43.12500,bonus-autofire,-3366,0.096520,0.903340,-0.065995,0,5,0,5
43.12500,bonus-autofire,-3340,0.232284,0.442500,-0.068141,0,5,0,5
43.13334,bonus-autofire,-3366,0.114748,0.906509,-0.066813,0,5,0,5
43.13334,bonus-autofire,-3340,0.237107,0.442088,-0.068113,0,5,0,5
43.14167,bonus-autofire,-3366,0.132973,0.908997,-0.067631,0,5,0,5
43.14167,bonus-autofire,-3340,0.240700,0.441274,-0.068092,0,5,0,5
43.15000,bonus-autofire,-3366,0.151197,0.910803,-0.068449,0,5,0,5
43.15000,bonus-autofire,-3340,0.238771,0.439500,-0.068064,0,5,0,5
43.15833,bonus-autofire,-3366,0.161121,0.911416,-0.068894,0,5,0,5
43.15833,bonus-autofire,-3340,0.236843,0.437045,-0.068036,0,5,0,5
43.16667,bonus-autofire,-3366,0.166595,0.898318,-0.069379,0,5,0,5
43.16667,bonus-autofire,-3340,0.234915,0.433909,-0.068008,0,5,0,5
43.17500,bonus-autofire,-3366,0.172057,0.884568,-0.069476,0,5,0,5
43.17500,bonus-autofire,-3340,0.232987,0.430092,-0.067980,0,5,0,5
43.18333,bonus-autofire,-3366,0.177517,0.870144,-0.069495,0,5,0,5
43.18333,bonus-autofire,-3340,0.231059,0.425595,-0.067952,0,5,0,5
43.19167,bonus-autofire,-3366,0.182977,0.855042,-0.069499,0,5,0,5
43.19167,bonus-autofire,-3340,0.229131,0.420417,-0.067924,0,5,0,5
43.20000,bonus-autofire,-3366,0.188437,0.839261,-0.069500,0,5,0,5
43.20000,bonus-autofire,-3340,0.227204,0.414558,-0.067896,0,5,0,5
43.20833,bonus-autofire,-3366,0.193896,0.822800,-0.069500,0,5,0,5
43.20833,bonus-autofire,-3340,0.225277,0.408019,-0.067868,0,5,0,5
43.21667,bonus-autofire,-3366,0.199354,0.805661,-0.069500,0,5,0,5
43.21667,bonus-autofire,-3340,0.223350,0.400800,-0.067840,0,5,0,5
43.22500,bonus-autofire,-3366,0.204811,0.787843,-0.069500,0,5,0,5
43.22500,bonus-autofire,-3340,0.221424,0.392901,-0.067812,0,5,0,5
43.23333,bonus-autofire,-3366,0.210268,0.769346,-0.069500,0,5,0,5
43.23333,bonus-autofire,-3340,0.219497,0.384321,-0.067784,0,5,0,5
43.24166,bonus-autofire,-3366,0.215724,0.750170,-0.069500,0,5,0,5
43.24166,bonus-autofire,-3340,0.217571,0.375061,-0.067756,0,5,0,5
43.25000,bonus-autofire,-3366,0.211560,0.733986,-0.069473,0,5,0,5
43.25000,bonus-autofire,-3340,0.215645,0.365121,-0.067728,0,5,0,5
43.25834,bonus-autofire,-3366,0.210557,0.729920,-0.069466,0,5,0,5
43.25834,bonus-autofire,-3340,0.213720,0.354502,-0.067700,0,5,0,5
43.26667,bonus-autofire,-3366,0.221404,0.722967,-0.069439,0,6,0,6
43.27500,bonus-autofire,-3366,0.223051,0.721295,-0.069437,0,6,0,6
43.28333,bonus-autofire,-3366,0.217018,0.719826,-0.069426,0,6,0,6
43.29167,bonus-autofire,-3366,0.214189,0.718817,-0.069421,0,6,0,6
43.30000,bonus-autofire,-3366,0.216287,0.719687,-0.069410,0,6,0,6
43.30833,bonus-autofire,-3366,0.218384,0.719876,-0.069400,0,6,0,6
43.31667,bonus-autofire,-3366,0.220482,0.719383,-0.069389,0,6,0,6
43.32500,bonus-autofire,-3366,0.222579,0.718210,-0.069378,0,6,0,6
43.33333,bonus-autofire,-3366,0.222216,0.716293,-0.069364,0,6,0,6
43.34167,bonus-autofire,-3366,0.222153,0.713683,-0.069350,0,6,0,6
43.35000,bonus-autofire,-3366,0.220969,0.714444,-0.069330,0,6,0,6
43.35833,bonus-autofire,-3366,0.219757,0.714080,-0.069308,0,6,0,6
43.36666,bonus-autofire,-3366,0.218489,0.713098,-0.069285,0,6,0,6
43.37500,bonus-autofire,-3366,0.216901,0.711984,-0.069261,0,6,0,6
43.38334,bonus-autofire,-3366,0.215023,0.710688,-0.069237,0,6,0,6
43.39167,bonus-autofire,-3366,0.212861,0.709201,-0.069213,0,6,0,6
43.40000,bonus-autofire,-3366,0.210415,0.707519,-0.069188,0,6,0,6
43.40833,bonus-autofire,-3366,0.207685,0.705643,-0.069163,0,6,0,6
43.41667,bonus-autofire,-3366,0.204673,0.703572,-0.069138,0,6,0,6
43.42500,bonus-autofire,-3366,0.201378,0.701307,-0.069112,0,6,0,6
43.43333,bonus-autofire,-3366,0.198084,0.698360,-0.069087,0,6,0,6
43.44167,bonus-autofire,-3366,0.194790,0.694733,-0.069061,0,6,0,6
43.45000,bonus-autofire,-3366,0.191496,0.690426,-0.069036,0,6,0,6
43.45000,bonus-autofire,-3380,-0.232000,0.234000,-0.052000,0,6,0,6
43.45833,bonus-autofire,-3366,0.188203,0.685437,-0.069011,0,6,0,6
43.45833,bonus-autofire,-3380,-0.232000,0.279146,-0.052000,0,6,0,6
43.46667,bonus-autofire,-3366,0.189881,0.680141,-0.068985,0,6,0,6
43.46667,bonus-autofire,-3380,-0.232000,0.323606,-0.052000,0,6,0,6
43.47500,bonus-autofire,-3366,0.190216,0.674064,-0.068959,0,6,0,6
43.47500,bonus-autofire,-3380,-0.232000,0.367379,-0.052000,0,6,0,6
43.48333,bonus-autofire,-3366,0.190283,0.667286,-0.068932,0,6,0,6
43.48333,bonus-autofire,-3380,-0.232000,0.410465,-0.052000,0,6,0,6
43.49166,bonus-autofire,-3366,0.191954,0.660405,-0.068906,0,6,0,6
43.49166,bonus-autofire,-3380,-0.232000,0.452865,-0.052000,0,6,0,6
43.50000,bonus-autofire,-3366,0.193625,0.652844,-0.068879,0,6,0,6
43.50000,bonus-autofire,-3380,-0.232000,0.494578,-0.052000,0,6,0,6
43.50834,bonus-autofire,-3366,0.195296,0.644603,-0.068852,0,6,0,6
43.50834,bonus-autofire,-3380,-0.231482,0.535558,-0.052000,0,6,0,6
43.51667,bonus-autofire,-3366,0.196966,0.635681,-0.068825,0,6,0,6
43.51667,bonus-autofire,-3380,-0.230844,0.575840,-0.052000,0,6,0,6
43.52500,bonus-autofire,-3366,0.198636,0.626079,-0.068798,0,6,0,6
43.52500,bonus-autofire,-3380,-0.225631,0.614407,-0.052000,0,6,0,6
43.53333,bonus-autofire,-3366,0.200307,0.615798,-0.068771,0,6,0,6
43.53333,bonus-autofire,-3380,-0.220418,0.652289,-0.052000,0,6,0,6
43.54167,bonus-autofire,-3366,0.201976,0.604836,-0.068745,0,6,0,6
43.54167,bonus-autofire,-3380,-0.216700,0.678823,-0.052000,0,6,0,6
43.55000,bonus-autofire,-3366,0.203646,0.593195,-0.068718,0,6,0,6
43.55000,bonus-autofire,-3380,-0.218785,0.715333,-0.052000,0,6,0,6
43.55833,bonus-autofire,-3366,0.205315,0.580874,-0.068691,0,6,0,6
43.55833,bonus-autofire,-3380,-0.219450,0.726767,-0.052000,0,6,0,6
43.56667,bonus-autofire,-3366,0.206984,0.567873,-0.068664,0,6,0,6
43.56667,bonus-autofire,-3380,-0.213768,0.735096,-0.052000,0,6,0,6
43.57500,bonus-autofire,-3366,0.208653,0.554193,-0.068637,0,6,0,6
43.57500,bonus-autofire,-3380,-0.215314,0.743733,-0.052000,0,6,0,6
43.58333,bonus-autofire,-3366,0.206373,0.540852,-0.068609,0,6,0,6
43.58333,bonus-autofire,-3380,-0.213700,0.745099,-0.052072,0,6,0,6
43.59167,bonus-autofire,-3366,0.204092,0.526832,-0.068581,0,6,0,6
43.59167,bonus-autofire,-3380,-0.195433,0.759868,-0.052892,0,6,0,6
43.60000,bonus-autofire,-3366,0.201812,0.512132,-0.068553,0,6,0,6
43.60000,bonus-autofire,-3380,-0.177169,0.773954,-0.053712,0,6,0,6
43.60833,bonus-autofire,-3366,0.199532,0.496753,-0.068525,0,6,0,6
43.60833,bonus-autofire,-3380,-0.158907,0.787357,-0.054532,0,6,0,6
43.61666,bonus-autofire,-3366,0.197252,0.480695,-0.068497,0,6,0,6
43.61666,bonus-autofire,-3380,-0.140647,0.800077,-0.055351,0,6,0,6
43.62500,bonus-autofire,-3366,0.194973,0.463957,-0.068469,0,6,0,6
43.62500,bonus-autofire,-3380,-0.122390,0.812114,-0.056170,0,6,0,6
43.63334,bonus-autofire,-3366,0.192694,0.446541,-0.068441,0,6,0,6
43.63334,bonus-autofire,-3380,-0.104135,0.823469,-0.056990,0,6,0,6
43.64167,bonus-autofire,-3366,0.190415,0.428445,-0.068413,0,6,0,6
43.64167,bonus-autofire,-3380,-0.085882,0.834141,-0.057809,0,6,0,6
43.65000,bonus-autofire,-3366,0.188849,0.415544,-0.068393,0,6,0,6
43.65000,bonus-autofire,-3380,-0.067632,0.844131,-0.058628,0,6,0,6
43.65833,bonus-autofire,-3366,0.193678,0.421266,-0.068365,0,6,0,6
43.65833,bonus-autofire,-3380,-0.049384,0.853438,-0.059447,0,6,0,6
43.66667,bonus-autofire,-3366,0.198506,0.426306,-0.068337,0,6,0,6
43.66667,bonus-autofire,-3380,-0.031138,0.862063,-0.060266,0,6,0,6
43.67500,bonus-autofire,-3366,0.203333,0.430664,-0.068309,0,6,0,6
43.67500,bonus-autofire,-3380,-0.012894,0.870006,-0.061085,0,6,0,6
43.68333,bonus-autofire,-3366,0.208159,0.434340,-0.068281,0,6,0,6
43.68333,bonus-autofire,-3380,0.005347,0.877266,-0.061903,0,6,0,6
43.69167,bonus-autofire,-3366,0.212985,0.437335,-0.068253,0,6,0,6
43.69167,bonus-autofire,-3380,0.023587,0.883845,-0.062722,0,6,0,6
43.70000,bonus-autofire,-3366,0.217811,0.439649,-0.068225,0,6,0,6
43.70000,bonus-autofire,-3380,0.041823,0.889741,-0.063540,0,6,0,6
43.70833,bonus-autofire,-3366,0.222636,0.441281,-0.068197,0,6,0,6
43.70833,bonus-autofire,-3380,0.060058,0.894956,-0.064359,0,6,0,6
43.71667,bonus-autofire,-3366,0.227460,0.442231,-0.068169,0,6,0,6
43.71667,bonus-autofire,-3380,0.078290,0.899489,-0.065177,0,6,0,6
43.72500,bonus-autofire,-3366,0.232284,0.442500,-0.068141,0,6,0,6
43.72500,bonus-autofire,-3380,0.096520,0.903340,-0.065995,0,6,0,6
43.73333,bonus-autofire,-3366,0.237107,0.442088,-0.068113,0,6,0,6
43.73333,bonus-autofire,-3380,0.114748,0.906509,-0.066813,0,6,0,6
43.74166,bonus-autofire,-3366,0.240700,0.441274,-0.068092,0,6,0,6
43.74166,bonus-autofire,-3380,0.132973,0.908997,-0.067631,0,6,0,6
43.75000,bonus-autofire,-3366,0.238771,0.439500,-0.068064,0,6,0,6
43.75000,bonus-autofire,-3380,0.151197,0.910803,-0.068449,0,6,0,6
43.75834,bonus-autofire,-3366,0.236843,0.437045,-0.068036,0,6,0,6
43.75834,bonus-autofire,-3380,0.161121,0.911416,-0.068894,0,6,0,6
43.76667,bonus-autofire,-3366,0.234915,0.433909,-0.068008,0,6,0,6
43.76667,bonus-autofire,-3380,0.166595,0.898318,-0.069379,0,6,0,6
43.77500,bonus-autofire,-3366,0.232987,0.430092,-0.067980,0,6,0,6
43.77500,bonus-autofire,-3380,0.172057,0.884568,-0.069476,0,6,0,6
43.78333,bonus-autofire,-3366,0.231059,0.425595,-0.067952,0,6,0,6
43.78333,bonus-autofire,-3380,0.177517,0.870144,-0.069495,0,6,0,6
43.79167,bonus-autofire,-3366,0.229131,0.420417,-0.067924,0,6,0,6
43.79167,bonus-autofire,-3380,0.182977,0.855042,-0.069499,0,6,0,6
43.80000,bonus-autofire,-3366,0.227204,0.414558,-0.067896,0,6,0,6
43.80000,bonus-autofire,-3380,0.188437,0.839261,-0.069500,0,6,0,6
43.80833,bonus-autofire,-3366,0.225277,0.408019,-0.067868,0,6,0,6
43.80833,bonus-autofire,-3380,0.193896,0.822800,-0.069500,0,6,0,6
43.81667,bonus-autofire,-3366,0.223350,0.400800,-0.067840,0,6,0,6
43.81667,bonus-autofire,-3380,0.199354,0.805661,-0.069500,0,6,0,6
43.82500,bonus-autofire,-3366,0.221424,0.392901,-0.067812,0,6,0,6
43.82500,bonus-autofire,-3380,0.204811,0.787843,-0.069500,0,6,0,6
43.83333,bonus-autofire,-3366,0.219497,0.384321,-0.067784,0,6,0,6
43.83333,bonus-autofire,-3380,0.210268,0.769346,-0.069500,0,6,0,6
43.84167,bonus-autofire,-3366,0.217571,0.375061,-0.067756,0,6,0,6
43.84167,bonus-autofire,-3380,0.215724,0.750170,-0.069500,0,6,0,6
43.85000,bonus-autofire,-3366,0.215645,0.365121,-0.067728,0,6,0,6
43.85000,bonus-autofire,-3380,0.211560,0.733986,-0.069473,0,6,0,6
43.85833,bonus-autofire,-3366,0.213720,0.354502,-0.067700,0,6,0,6
43.85833,bonus-autofire,-3380,0.210557,0.729920,-0.069466,0,6,0,6
43.86666,bonus-autofire,-3380,0.221404,0.722967,-0.069439,0,7,0,7
43.87500,bonus-autofire,-3380,0.223051,0.721295,-0.069437,0,7,0,7
43.88334,bonus-autofire,-3380,0.217018,0.719826,-0.069426,0,7,0,7
43.89167,bonus-autofire,-3380,0.214189,0.718817,-0.069421,0,7,0,7
43.90000,bonus-autofire,-3380,0.216287,0.719687,-0.069410,0,7,0,7
43.90833,bonus-autofire,-3380,0.218384,0.719876,-0.069400,0,7,0,7
43.91667,bonus-autofire,-3380,0.220482,0.719383,-0.069389,0,7,0,7
43.92500,bonus-autofire,-3380,0.222579,0.718210,-0.069378,0,7,0,7
43.93333,bonus-autofire,-3380,0.222216,0.716293,-0.069364,0,7,0,7
43.94167,bonus-autofire,-3380,0.222153,0.713683,-0.069350,0,7,0,7
43.95000,bonus-autofire,-3380,0.220969,0.714444,-0.069330,0,7,0,7
43.95833,bonus-autofire,-3380,0.219757,0.714080,-0.069308,0,7,0,7
43.96667,bonus-autofire,-3380,0.218489,0.713098,-0.069285,0,7,0,7
43.97500,bonus-autofire,-3380,0.216901,0.711984,-0.069261,0,7,0,7
43.98333,bonus-autofire,-3380,0.215023,0.710688,-0.069237,0,7,0,7
43.99166,bonus-autofire,-3380,0.212861,0.709201,-0.069213,0,7,0,7
44.00000,bonus-autofire,-3380,0.210415,0.707519,-0.069188,0,7,0,7
44.00834,bonus-autofire,-3380,0.207685,0.705643,-0.069163,0,7,0,7
44.01667,bonus-autofire,-3380,0.204673,0.703572,-0.069138,0,7,0,7
44.02500,bonus-autofire,-3380,0.201378,0.701307,-0.069112,0,7,0,7
44.03333,bonus-autofire,-3380,0.198084,0.698360,-0.069087,0,7,0,7
44.04167,bonus-autofire,-3380,0.194790,0.694733,-0.069061,0,7,0,7
44.05000,bonus-autofire,-3406,-0.232000,0.234000,-0.052000,0,7,0,7
44.05000,bonus-autofire,-3380,0.191496,0.690426,-0.069036,0,7,0,7
44.05833,bonus-autofire,-3406,-0.232000,0.279146,-0.052000,0,7,0,7
44.05833,bonus-autofire,-3380,0.188203,0.685437,-0.069011,0,7,0,7
44.06667,bonus-autofire,-3406,-0.232000,0.323606,-0.052000,0,7,0,7
44.06667,bonus-autofire,-3380,0.189881,0.680141,-0.068985,0,7,0,7
44.07500,bonus-autofire,-3406,-0.232000,0.367379,-0.052000,0,7,0,7
44.07500,bonus-autofire,-3380,0.190216,0.674064,-0.068959,0,7,0,7
44.08333,bonus-autofire,-3406,-0.232000,0.410465,-0.052000,0,7,0,7
44.08333,bonus-autofire,-3380,0.190283,0.667286,-0.068932,0,7,0,7
44.09167,bonus-autofire,-3406,-0.232000,0.452865,-0.052000,0,7,0,7
44.09167,bonus-autofire,-3380,0.191954,0.660405,-0.068906,0,7,0,7
44.10000,bonus-autofire,-3406,-0.232000,0.494578,-0.052000,0,7,0,7
44.10000,bonus-autofire,-3380,0.193625,0.652844,-0.068879,0,7,0,7
44.10833,bonus-autofire,-3406,-0.231482,0.535558,-0.052000,0,7,0,7
44.10833,bonus-autofire,-3380,0.195296,0.644603,-0.068852,0,7,0,7
44.11666,bonus-autofire,-3406,-0.230844,0.575840,-0.052000,0,7,0,7
44.11666,bonus-autofire,-3380,0.196966,0.635681,-0.068825,0,7,0,7
44.12500,bonus-autofire,-3406,-0.225631,0.614407,-0.052000,0,7,0,7
44.12500,bonus-autofire,-3380,0.198636,0.626079,-0.068798,0,7,0,7
44.13334,bonus-autofire,-3406,-0.220418,0.652289,-0.052000,0,7,0,7
44.13334,bonus-autofire,-3380,0.200307,0.615798,-0.068771,0,7,0,7
44.14167,bonus-autofire,-3406,-0.216700,0.678823,-0.052000,0,7,0,7
44.14167,bonus-autofire,-3380,0.201976,0.604836,-0.068745,0,7,0,7
44.15000,bonus-autofire,-3406,-0.218785,0.715333,-0.052000,0,7,0,7
44.15000,bonus-autofire,-3380,0.203646,0.593195,-0.068718,0,7,0,7
44.15833,bonus-autofire,-3406,-0.219450,0.726767,-0.052000,0,7,0,7
44.15833,bonus-autofire,-3380,0.205315,0.580874,-0.068691,0,7,0,7
44.16667,bonus-autofire,-3406,-0.213768,0.735096,-0.052000,0,7,0,7
44.16667,bonus-autofire,-3380,0.206984,0.567873,-0.068664,0,7,0,7
44.17500,bonus-autofire,-3406,-0.215314,0.743733,-0.052000,0,7,0,7
44.17500,bonus-autofire,-3380,0.208653,0.554193,-0.068637,0,7,0,7
44.18333,bonus-autofire,-3406,-0.213700,0.745099,-0.052072,0,7,0,7
44.18333,bonus-autofire,-3380,0.206373,0.540852,-0.068609,0,7,0,7
44.19167,bonus-autofire,-3406,-0.195433,0.759868,-0.052892,0,7,0,7
44.19167,bonus-autofire,-3380,0.204092,0.526832,-0.068581,0,7,0,7
44.20000,bonus-autofire,-3406,-0.177169,0.773954,-0.053712,0,7,0,7
44.20000,bonus-autofire,-3380,0.201812,0.512132,-0.068553,0,7,0,7
44.20833,bonus-autofire,-3406,-0.158907,0.787357,-0.054532,0,7,0,7
44.20833,bonus-autofire,-3380,0.199532,0.496753,-0.068525,0,7,0,7
44.21667,bonus-autofire,-3406,-0.140647,0.800077,-0.055351,0,7,0,7
44.21667,bonus-autofire,-3380,0.197252,0.480695,-0.068497,0,7,0,7
44.22500,bonus-autofire,-3406,-0.122390,0.812114,-0.056170,0,7,0,7
44.22500,bonus-autofire,-3380,0.194973,0.463957,-0.068469,0,7,0,7
44.23333,bonus-autofire,-3406,-0.104135,0.823469,-0.056990,0,7,0,7
44.23333,bonus-autofire,-3380,0.192694,0.446541,-0.068441,0,7,0,7
44.24166,bonus-autofire,-3406,-0.085882,0.834141,-0.057809,0,7,0,7
44.24166,bonus-autofire,-3380,0.190415,0.428445,-0.068413,0,7,0,7
44.25000,bonus-autofire,-3406,-0.067632,0.844131,-0.058628,0,7,0,7
44.25000,bonus-autofire,-3380,0.188849,0.415544,-0.068393,0,7,0,7
44.25834,bonus-autofire,-3406,-0.049384,0.853438,-0.059447,0,7,0,7
44.25834,bonus-autofire,-3380,0.193678,0.421266,-0.068365,0,7,0,7
44.26667,bonus-autofire,-3406,-0.031138,0.862063,-0.060266,0,7,0,7
44.26667,bonus-autofire,-3380,0.198506,0.426306,-0.068337,0,7,0,7
44.27500,bonus-autofire,-3406,-0.012894,0.870006,-0.061085,0,7,0,7
44.27500,bonus-autofire,-3380,0.203333,0.430664,-0.068309,0,7,0,7
44.28333,bonus-autofire,-3406,0.005347,0.877266,-0.061903,0,7,0,7
44.28333,bonus-autofire,-3380,0.208159,0.434340,-0.068281,0,7,0,7
44.29167,bonus-autofire,-3406,0.023587,0.883845,-0.062722,0,7,0,7
44.29167,bonus-autofire,-3380,0.212985,0.437335,-0.068253,0,7,0,7
44.30000,bonus-autofire,-3406,0.041823,0.889741,-0.063540,0,7,0,7
44.30000,bonus-autofire,-3380,0.217811,0.439649,-0.068225,0,7,0,7
44.30833,bonus-autofire,-3406,0.060058,0.894956,-0.064359,0,7,0,7
44.30833,bonus-autofire,-3380,0.222636,0.441281,-0.068197,0,7,0,7
44.31667,bonus-autofire,-3406,0.078290,0.899489,-0.065177,0,7,0,7
44.31667,bonus-autofire,-3380,0.227460,0.442231,-0.068169,0,7,0,7
44.32500,bonus-autofire,-3406,0.096520,0.903340,-0.065995,0,7,0,7
44.32500,bonus-autofire,-3380,0.232284,0.442500,-0.068141,0,7,0,7
44.33333,bonus-autofire,-3406,0.114748,0.906509,-0.066813,0,7,0,7
44.33333,bonus-autofire,-3380,0.237107,0.442088,-0.068113,0,7,0,7
44.34167,bonus-autofire,-3406,0.132973,0.908997,-0.067631,0,7,0,7
44.34167,bonus-autofire,-3380,0.240700,0.441274,-0.068092,0,7,0,7
44.35000,bonus-autofire,-3406,0.151197,0.910803,-0.068449,0,7,0,7
44.35000,bonus-autofire,-3380,0.238771,0.439500,-0.068064,0,7,0,7
44.35833,bonus-autofire,-3406,0.161121,0.911416,-0.068894,0,7,0,7
44.35833,bonus-autofire,-3380,0.236843,0.437045,-0.068036,0,7,0,7
44.36666,bonus-autofire,-3406,0.166595,0.898318,-0.069379,0,7,0,7
44.36666,bonus-autofire,-3380,0.234915,0.433909,-0.068008,0,7,0,7
44.37500,bonus-autofire,-3406,0.172057,0.884568,-0.069476,0,7,0,7
44.37500,bonus-autofire,-3380,0.232987,0.430092,-0.067980,0,7,0,7
44.38334,bonus-autofire,-3406,0.177517,0.870144,-0.069495,0,7,0,7
44.38334,bonus-autofire,-3380,0.231059,0.425595,-0.067952,0,7,0,7
44.39167,bonus-autofire,-3406,0.182977,0.855042,-0.069499,0,7,0,7
44.39167,bonus-autofire,-3380,0.229131,0.420417,-0.067924,0,7,0,7
44.40000,bonus-autofire,-3406,0.188437,0.839261,-0.069500,0,7,0,7
44.40000,bonus-autofire,-3380,0.227204,0.414558,-0.067896,0,7,0,7
44.40833,bonus-autofire,-3406,0.193896,0.822800,-0.069500,0,7,0,7
44.40833,bonus-autofire,-3380,0.225277,0.408019,-0.067868,0,7,0,7
44.41667,bonus-autofire,-3406,0.199354,0.805661,-0.069500,0,7,0,7
44.41667,bonus-autofire,-3380,0.223350,0.400800,-0.067840,0,7,0,7
44.42500,bonus-autofire,-3406,0.204811,0.787843,-0.069500,0,7,0,7
44.42500,bonus-autofire,-3380,0.221424,0.392901,-0.067812,0,7,0,7
44.43333,bonus-autofire,-3406,0.210268,0.769346,-0.069500,0,7,0,7
44.43333,bonus-autofire,-3380,0.219497,0.384321,-0.067784,0,7,0,7
44.44167,bonus-autofire,-3406,0.215724,0.750170,-0.069500,0,7,0,7
44.44167,bonus-autofire,-3380,0.217571,0.375061,-0.067756,0,7,0,7
44.45000,bonus-autofire,-3406,0.211560,0.733986,-0.069473,0,7,0,7
44.45000,bonus-autofire,-3380,0.215645,0.365121,-0.067728,0,7,0,7
44.45833,bonus-autofire,-3406,0.210557,0.729920,-0.069466,0,7,0,7
44.45833,bonus-autofire,-3380,0.213720,0.354502,-0.067700,0,7,0,7
44.46667,bonus-autofire,-3406,0.221404,0.722967,-0.069439,0,8,0,8
44.47500,bonus-autofire,-3406,0.223051,0.721295,-0.069437,0,8,0,8
44.48333,bonus-autofire,-3406,0.217018,0.719826,-0.069426,0,8,0,8
44.49166,bonus-autofire,-3406,0.214189,0.718817,-0.069421,0,8,0,8
44.50000,bonus-autofire,-3406,0.216287,0.719687,-0.069410,0,8,0,8
44.50834,bonus-autofire,-3406,0.218384,0.719876,-0.069400,0,8,0,8
44.51667,bonus-autofire,-3406,0.220482,0.719383,-0.069389,0,8,0,8
44.52500,bonus-autofire,-3406,0.222579,0.718210,-0.069378,0,8,0,8
44.53333,bonus-autofire,-3406,0.222216,0.716293,-0.069364,0,8,0,8
44.54167,bonus-autofire,-3406,0.222153,0.713683,-0.069350,0,8,0,8
44.55000,bonus-autofire,-3406,0.220969,0.714444,-0.069330,0,8,0,8
44.55833,bonus-autofire,-3406,0.219757,0.714080,-0.069308,0,8,0,8
44.56667,bonus-autofire,-3406,0.218489,0.713098,-0.069285,0,8,0,8
44.57500,bonus-autofire,-3406,0.216901,0.711984,-0.069261,0,8,0,8
44.58333,bonus-autofire,-3406,0.215023,0.710688,-0.069237,0,8,0,8
44.59167,bonus-autofire,-3406,0.212861,0.709201,-0.069213,0,8,0,8
44.60000,bonus-autofire,-3406,0.210415,0.707519,-0.069188,0,8,0,8
44.60833,bonus-autofire,-3406,0.207685,0.705643,-0.069163,0,8,0,8
44.61666,bonus-autofire,-3406,0.204673,0.703572,-0.069138,0,8,0,8
44.62500,bonus-autofire,-3406,0.201378,0.701307,-0.069112,0,8,0,8
44.63334,bonus-autofire,-3406,0.198084,0.698360,-0.069087,0,8,0,8
44.64167,bonus-autofire,-3406,0.194790,0.694733,-0.069061,0,8,0,8
44.65000,bonus-autofire,-3406,0.191496,0.690426,-0.069036,0,8,0,8
44.65000,bonus-autofire,-3432,-0.232000,0.234000,-0.052000,0,8,0,8
44.65833,bonus-autofire,-3406,0.188203,0.685437,-0.069011,0,8,0,8
44.65833,bonus-autofire,-3432,-0.232000,0.279146,-0.052000,0,8,0,8
44.66667,bonus-autofire,-3406,0.189881,0.680141,-0.068985,0,8,0,8
44.66667,bonus-autofire,-3432,-0.232000,0.323606,-0.052000,0,8,0,8
44.67500,bonus-autofire,-3406,0.190216,0.674064,-0.068959,0,8,0,8
44.67500,bonus-autofire,-3432,-0.232000,0.367379,-0.052000,0,8,0,8
44.68333,bonus-autofire,-3406,0.190283,0.667286,-0.068932,0,8,0,8
44.68333,bonus-autofire,-3432,-0.232000,0.410465,-0.052000,0,8,0,8
44.69167,bonus-autofire,-3406,0.191954,0.660405,-0.068906,0,8,0,8
44.69167,bonus-autofire,-3432,-0.232000,0.452865,-0.052000,0,8,0,8
44.70000,bonus-autofire,-3406,0.193625,0.652844,-0.068879,0,8,0,8
44.70000,bonus-autofire,-3432,-0.232000,0.494578,-0.052000,0,8,0,8
44.70833,bonus-autofire,-3406,0.195296,0.644603,-0.068852,0,8,0,8
44.70833,bonus-autofire,-3432,-0.231482,0.535558,-0.052000,0,8,0,8
44.71667,bonus-autofire,-3406,0.196966,0.635681,-0.068825,0,8,0,8
44.71667,bonus-autofire,-3432,-0.230844,0.575840,-0.052000,0,8,0,8
44.72500,bonus-autofire,-3406,0.198636,0.626079,-0.068798,0,8,0,8
44.72500,bonus-autofire,-3432,-0.225631,0.614407,-0.052000,0,8,0,8
44.73333,bonus-autofire,-3406,0.200307,0.615798,-0.068771,0,8,0,8
44.73333,bonus-autofire,-3432,-0.220418,0.652289,-0.052000,0,8,0,8
44.74166,bonus-autofire,-3406,0.201976,0.604836,-0.068745,0,8,0,8
44.74166,bonus-autofire,-3432,-0.216700,0.678823,-0.052000,0,8,0,8
44.75000,bonus-autofire,-3406,0.203646,0.593195,-0.068718,0,8,0,8
44.75000,bonus-autofire,-3432,-0.218785,0.715333,-0.052000,0,8,0,8
44.75834,bonus-autofire,-3406,0.205315,0.580874,-0.068691,0,8,0,8
44.75834,bonus-autofire,-3432,-0.219450,0.726767,-0.052000,0,8,0,8
44.76667,bonus-autofire,-3406,0.206984,0.567873,-0.068664,0,8,0,8
44.76667,bonus-autofire,-3432,-0.213768,0.735096,-0.052000,0,8,0,8
44.77500,bonus-autofire,-3406,0.208653,0.554193,-0.068637,0,8,0,8
44.77500,bonus-autofire,-3432,-0.215314,0.743733,-0.052000,0,8,0,8
44.78333,bonus-autofire,-3406,0.206373,0.540852,-0.068609,0,8,0,8
44.78333,bonus-autofire,-3432,-0.213700,0.745099,-0.052072,0,8,0,8
44.79167,bonus-autofire,-3406,0.204092,0.526832,-0.068581,0,8,0,8
44.79167,bonus-autofire,-3432,-0.195433,0.759868,-0.052892,0,8,0,8
44.80000,bonus-autofire,-3406,0.201812,0.512132,-0.068553,0,8,0,8
44.80000,bonus-autofire,-3432,-0.177169,0.773954,-0.053712,0,8,0,8
44.80833,bonus-autofire,-3406,0.199532,0.496753,-0.068525,0,8,0,8
44.80833,bonus-autofire,-3432,-0.158907,0.787357,-0.054532,0,8,0,8
44.81667,bonus-autofire,-3406,0.197252,0.480695,-0.068497,0,8,0,8
44.81667,bonus-autofire,-3432,-0.140647,0.800077,-0.055351,0,8,0,8
44.82500,bonus-autofire,-3406,0.194973,0.463957,-0.068469,0,8,0,8
44.82500,bonus-autofire,-3432,-0.122390,0.812114,-0.056170,0,8,0,8
44.83333,bonus-autofire,-3406,0.192694,0.446541,-0.068441,0,8,0,8
44.83333,bonus-autofire,-3432,-0.104135,0.823469,-0.056990,0,8,0,8
44.84167,bonus-autofire,-3406,0.190415,0.428445,-0.068413,0,8,0,8
44.84167,bonus-autofire,-3432,-0.085882,0.834141,-0.057809,0,8,0,8
44.85000,bonus-autofire,-3406,0.188849,0.415544,-0.068393,0,8,0,8
44.85000,bonus-autofire,-3432,-0.067632,0.844131,-0.058628,0,8,0,8
44.85833,bonus-autofire,-3406,0.193678,0.421266,-0.068365,0,8,0,8
44.85833,bonus-autofire,-3432,-0.049384,0.853438,-0.059447,0,8,0,8
44.86666,bonus-autofire,-3406,0.198506,0.426306,-0.068337,0,8,0,8
44.86666,bonus-autofire,-3432,-0.031138,0.862063,-0.060266,0,8,0,8
44.87500,bonus-autofire,-3406,0.203333,0.430664,-0.068309,0,8,0,8
44.87500,bonus-autofire,-3432,-0.012894,0.870006,-0.061085,0,8,0,8
44.88334,bonus-autofire,-3406,0.208159,0.434340,-0.068281,0,8,0,8
44.88334,bonus-autofire,-3432,0.005347,0.877266,-0.061903,0,8,0,8
44.89167,bonus-autofire,-3406,0.212985,0.437335,-0.068253,0,8,0,8
44.89167,bonus-autofire,-3432,0.023587,0.883845,-0.062722,0,8,0,8
44.90000,bonus-autofire,-3406,0.217811,0.439649,-0.068225,0,8,0,8
44.90000,bonus-autofire,-3432,0.041823,0.889741,-0.063540,0,8,0,8
44.90833,bonus-autofire,-3406,0.222636,0.441281,-0.068197,0,8,0,8
44.90833,bonus-autofire,-3432,0.060058,0.894956,-0.064359,0,8,0,8
44.91667,bonus-autofire,-3406,0.227460,0.442231,-0.068169,0,8,0,8
44.91667,bonus-autofire,-3432,0.078290,0.899489,-0.065177,0,8,0,8
44.92500,bonus-autofire,-3406,0.232284,0.442500,-0.068141,0,8,0,8
44.92500,bonus-autofire,-3432,0.096520,0.903340,-0.065995,0,8,0,8
44.93333,bonus-autofire,-3406,0.237107,0.442088,-0.068113,0,8,0,8
44.93333,bonus-autofire,-3432,0.114748,0.906509,-0.066813,0,8,0,8
44.94167,bonus-autofire,-3406,0.240700,0.441274,-0.068092,0,8,0,8
44.94167,bonus-autofire,-3432,0.132973,0.908997,-0.067631,0,8,0,8
44.95000,bonus-autofire,-3406,0.238771,0.439500,-0.068064,0,8,0,8
44.95000,bonus-autofire,-3432,0.151197,0.910803,-0.068449,0,8,0,8
44.95833,bonus-autofire,-3406,0.236843,0.437045,-0.068036,0,8,0,8
44.95833,bonus-autofire,-3432,0.161121,0.911416,-0.068894,0,8,0,8
44.96667,bonus-autofire,-3406,0.234915,0.433909,-0.068008,0,8,0,8
44.96667,bonus-autofire,-3432,0.166595,0.898318,-0.069379,0,8,0,8
44.97500,bonus-autofire,-3406,0.232987,0.430092,-0.067980,0,8,0,8
44.97500,bonus-autofire,-3432,0.172057,0.884568,-0.069476,0,8,0,8
44.98333,bonus-autofire,-3406,0.231059,0.425595,-0.067952,0,8,0,8
44.98333,bonus-autofire,-3432,0.177517,0.870144,-0.069495,0,8,0,8
44.99166,bonus-autofire,-3406,0.229131,0.420417,-0.067924,0,8,0,8
44.99166,bonus-autofire,-3432,0.182977,0.855042,-0.069499,0,8,0,8
45.00000,bonus-autofire,-3406,0.227204,0.414558,-0.067896,0,8,0,8
45.00000,bonus-autofire,-3432,0.188437,0.839261,-0.069500,0,8,0,8
45.00834,bonus-autofire,-3406,0.225277,0.408019,-0.067868,0,8,0,8
45.00834,bonus-autofire,-3432,0.193896,0.822800,-0.069500,0,8,0,8
45.01667,bonus-autofire,-3406,0.223350,0.400800,-0.067840,0,8,0,8
45.01667,bonus-autofire,-3432,0.199354,0.805661,-0.069500,0,8,0,8
45.02500,bonus-autofire,-3406,0.221424,0.392901,-0.067812,0,8,0,8
45.02500,bonus-autofire,-3432,0.204811,0.787843,-0.069500,0,8,0,8
45.03333,bonus-autofire,-3406,0.219497,0.384321,-0.067784,0,8,0,8
45.03333,bonus-autofire,-3432,0.210268,0.769346,-0.069500,0,8,0,8
45.04167,bonus-autofire,-3406,0.217571,0.375061,-0.067756,0,8,0,8
45.04167,bonus-autofire,-3432,0.215724,0.750170,-0.069500,0,8,0,8
45.05000,bonus-autofire,-3406,0.215645,0.365121,-0.067728,0,8,0,8
45.05000,bonus-autofire,-3432,0.211560,0.733986,-0.069473,0,8,0,8
45.05833,bonus-autofire,-3406,0.213720,0.354502,-0.067700,0,8,0,8
45.05833,bonus-autofire,-3432,0.210557,0.729920,-0.069466,0,8,0,8
45.06667,bonus-autofire,-3432,0.221404,0.722967,-0.069439,0,9,0,9
45.07500,bonus-autofire,-3432,0.223051,0.721295,-0.069437,0,9,0,9
45.08333,bonus-autofire,-3432,0.217018,0.719826,-0.069426,0,9,0,9
45.09167,bonus-autofire,-3432,0.214189,0.718817,-0.069421,0,9,0,9
45.10000,bonus-autofire,-3432,0.216287,0.719687,-0.069410,0,9,0,9
45.10833,bonus-autofire,-3432,0.218384,0.719876,-0.069400,0,9,0,9
45.11666,bonus-autofire,-3432,0.220482,0.719383,-0.069389,0,9,0,9
45.12500,bonus-autofire,-3432,0.222579,0.718210,-0.069378,0,9,0,9
45.13334,bonus-autofire,-3432,0.222216,0.716293,-0.069364,0,9,0,9
45.14167,bonus-autofire,-3432,0.222153,0.713683,-0.069350,0,9,0,9
45.15000,bonus-autofire,-3432,0.220969,0.714444,-0.069330,0,9,0,9
45.15833,bonus-autofire,-3432,0.219757,0.714080,-0.069308,0,9,0,9
45.16667,bonus-autofire,-3432,0.218489,0.713098,-0.069285,0,9,0,9
45.17500,bonus-autofire,-3432,0.216901,0.711984,-0.069261,0,9,0,9
45.18333,bonus-autofire,-3432,0.215023,0.710688,-0.069237,0,9,0,9
45.19167,bonus-autofire,-3432,0.212861,0.709201,-0.069213,0,9,0,9
45.20000,bonus-autofire,-3432,0.210415,0.707519,-0.069188,0,9,0,9
45.20833,bonus-autofire,-3432,0.207685,0.705643,-0.069163,0,9,0,9
45.21667,bonus-autofire,-3432,0.204673,0.703572,-0.069138,0,9,0,9
45.22500,bonus-autofire,-3432,0.201378,0.701307,-0.069112,0,9,0,9
45.23333,bonus-autofire,-3432,0.198084,0.698360,-0.069087,0,9,0,9
45.24166,bonus-autofire,-3432,0.194790,0.694733,-0.069061,0,9,0,9
45.25000,bonus-autofire,-3432,0.191496,0.690426,-0.069036,0,9,0,9
45.25000,bonus-autofire,-3458,-0.232000,0.234000,-0.052000,0,9,0,9
45.25834,bonus-autofire,-3432,0.188203,0.685437,-0.069011,0,9,0,9
45.25834,bonus-autofire,-3458,-0.232000,0.279146,-0.052000,0,9,0,9
45.26667,bonus-autofire,-3432,0.189881,0.680141,-0.068985,0,9,0,9
45.26667,bonus-autofire,-3458,-0.232000,0.323606,-0.052000,0,9,0,9
45.27500,bonus-autofire,-3432,0.190216,0.674064,-0.068959,0,9,0,9
45.27500,bonus-autofire,-3458,-0.232000,0.367379,-0.052000,0,9,0,9
45.28333,bonus-autofire,-3432,0.190283,0.667286,-0.068932,0,9,0,9
45.28333,bonus-autofire,-3458,-0.232000,0.410465,-0.052000,0,9,0,9
45.29167,bonus-autofire,-3432,0.191954,0.660405,-0.068906,0,9,0,9
45.29167,bonus-autofire,-3458,-0.232000,0.452865,-0.052000,0,9,0,9
45.30000,bonus-autofire,-3432,0.193625,0.652844,-0.068879,0,9,0,9
45.30000,bonus-autofire,-3458,-0.232000,0.494578,-0.052000,0,9,0,9
45.30833,bonus-autofire,-3432,0.195296,0.644603,-0.068852,0,9,0,9
45.30833,bonus-autofire,-3458,-0.231482,0.535558,-0.052000,0,9,0,9
45.31667,bonus-autofire,-3432,0.196966,0.635681,-0.068825,0,9,0,9
45.31667,bonus-autofire,-3458,-0.230844,0.575840,-0.052000,0,9,0,9
45.32500,bonus-autofire,-3432,0.198636,0.626079,-0.068798,0,9,0,9
45.32500,bonus-autofire,-3458,-0.225631,0.614407,-0.052000,0,9,0,9
45.33333,bonus-autofire,-3432,0.200307,0.615798,-0.068771,0,9,0,9
45.33333,bonus-autofire,-3458,-0.220418,0.652289,-0.052000,0,9,0,9
45.34167,bonus-autofire,-3432,0.201976,0.604836,-0.068745,0,9,0,9
45.34167,bonus-autofire,-3458,-0.216700,0.678823,-0.052000,0,9,0,9
45.35000,bonus-autofire,-3432,0.203646,0.593195,-0.068718,0,9,0,9
45.35000,bonus-autofire,-3458,-0.218785,0.715333,-0.052000,0,9,0,9
45.35833,bonus-autofire,-3432,0.205315,0.580874,-0.068691,0,9,0,9
45.35833,bonus-autofire,-3458,-0.219450,0.726767,-0.052000,0,9,0,9
45.36666,bonus-autofire,-3432,0.206984,0.567873,-0.068664,0,9,0,9
45.36666,bonus-autofire,-3458,-0.213768,0.735096,-0.052000,0,9,0,9
45.37500,bonus-autofire,-3432,0.208653,0.554193,-0.068637,0,9,0,9
45.37500,bonus-autofire,-3458,-0.215314,0.743733,-0.052000,0,9,0,9
45.38334,bonus-autofire,-3432,0.206373,0.540852,-0.068609,0,9,0,9
45.38334,bonus-autofire,-3458,-0.213700,0.745099,-0.052072,0,9,0,9
45.39167,bonus-autofire,-3432,0.204092,0.526832,-0.068581,0,9,0,9
45.39167,bonus-autofire,-3458,-0.195433,0.759868,-0.052892,0,9,0,9
45.40000,bonus-autofire,-3432,0.201812,0.512132,-0.068553,0,9,0,9
45.40000,bonus-autofire,-3458,-0.177169,0.773954,-0.053712,0,9,0,9
45.40833,bonus-autofire,-3432,0.199532,0.496753,-0.068525,0,9,0,9
45.40833,bonus-autofire,-3458,-0.158907,0.787357,-0.054532,0,9,0,9
45.41667,bonus-autofire,-3432,0.197252,0.480695,-0.068497,0,9,0,9
45.41667,bonus-autofire,-3458,-0.140647,0.800077,-0.055351,0,9,0,9
45.42500,bonus-autofire,-3432,0.194973,0.463957,-0.068469,0,9,0,9
45.42500,bonus-autofire,-3458,-0.122390,0.812114,-0.056170,0,9,0,9
45.43333,bonus-autofire,-3432,0.192694,0.446541,-0.068441,0,9,0,9
45.43333,bonus-autofire,-3458,-0.104135,0.823469,-0.056990,0,9,0,9
45.44167,bonus-autofire,-3432,0.190415,0.428445,-0.068413,0,9,0,9
45.44167,bonus-autofire,-3458,-0.085882,0.834141,-0.057809,0,9,0,9
45.45000,bonus-autofire,-3432,0.188849,0.415544,-0.068393,0,9,0,9
45.45000,bonus-autofire,-3458,-0.067632,0.844131,-0.058628,0,9,0,9
45.45833,bonus-autofire,-3432,0.193678,0.421266,-0.068365,0,9,0,9
45.45833,bonus-autofire,-3458,-0.049384,0.853438,-0.059447,0,9,0,9
45.46667,bonus-autofire,-3432,0.198506,0.426306,-0.068337,0,9,0,9
45.46667,bonus-autofire,-3458,-0.031138,0.862063,-0.060266,0,9,0,9
45.47500,bonus-autofire,-3432,0.203333,0.430664,-0.068309,0,9,0,9
45.47500,bonus-autofire,-3458,-0.012894,0.870006,-0.061085,0,9,0,9
45.48333,bonus-autofire,-3432,0.208159,0.434340,-0.068281,0,9,0,9
45.48333,bonus-autofire,-3458,0.005347,0.877266,-0.061903,0,9,0,9
45.49166,bonus-autofire,-3432,0.212985,0.437335,-0.068253,0,9,0,9
45.49166,bonus-autofire,-3458,0.023587,0.883845,-0.062722,0,9,0,9
45.50000,bonus-autofire,-3432,0.217811,0.439649,-0.068225,0,9,0,9
45.50000,bonus-autofire,-3458,0.041823,0.889741,-0.063540,0,9,0,9
45.50834,bonus-autofire,-3432,0.222636,0.441281,-0.068197,0,9,0,9
45.50834,bonus-autofire,-3458,0.060058,0.894956,-0.064359,0,9,0,9
45.51667,bonus-autofire,-3432,0.227460,0.442231,-0.068169,0,9,0,9
45.51667,bonus-autofire,-3458,0.078290,0.899489,-0.065177,0,9,0,9
45.52500,bonus-autofire,-3432,0.232284,0.442500,-0.068141,0,9,0,9
45.52500,bonus-autofire,-3458,0.096520,0.903340,-0.065995,0,9,0,9
45.53333,bonus-autofire,-3432,0.237107,0.442088,-0.068113,0,9,0,9
45.53333,bonus-autofire,-3458,0.114748,0.906509,-0.066813,0,9,0,9
45.54167,bonus-autofire,-3432,0.240700,0.441274,-0.068092,0,9,0,9
45.54167,bonus-autofire,-3458,0.132973,0.908997,-0.067631,0,9,0,9
45.55000,bonus-autofire,-3432,0.238771,0.439500,-0.068064,0,9,0,9
45.55000,bonus-autofire,-3458,0.151197,0.910803,-0.068449,0,9,0,9
45.55833,bonus-autofire,-3432,0.236843,0.437045,-0.068036,0,9,0,9
45.55833,bonus-autofire,-3458,0.161121,0.911416,-0.068894,0,9,0,9
45.56667,bonus-autofire,-3432,0.234915,0.433909,-0.068008,0,9,0,9
45.56667,bonus-autofire,-3458,0.166595,0.898318,-0.069379,0,9,0,9
45.57500,bonus-autofire,-3432,0.232987,0.430092,-0.067980,0,9,0,9
45.57500,bonus-autofire,-3458,0.172057,0.884568,-0.069476,0,9,0,9
45.58333,bonus-autofire,-3432,0.231059,0.425595,-0.067952,0,9,0,9
45.58333,bonus-autofire,-3458,0.177517,0.870144,-0.069495,0,9,0,9
45.59167,bonus-autofire,-3432,0.229131,0.420417,-0.067924,0,9,0,9
45.59167,bonus-autofire,-3458,0.182977,0.855042,-0.069499,0,9,0,9
45.60000,bonus-autofire,-3432,0.227204,0.414558,-0.067896,0,9,0,9
45.60000,bonus-autofire,-3458,0.188437,0.839261,-0.069500,0,9,0,9
45.60833,bonus-autofire,-3432,0.225277,0.408019,-0.067868,0,9,0,9
45.60833,bonus-autofire,-3458,0.193896,0.822800,-0.069500,0,9,0,9
45.61666,bonus-autofire,-3432,0.223350,0.400800,-0.067840,0,9,0,9
45.61666,bonus-autofire,-3458,0.199354,0.805661,-0.069500,0,9,0,9
45.62500,bonus-autofire,-3432,0.221424,0.392901,-0.067812,0,9,0,9
45.62500,bonus-autofire,-3458,0.204811,0.787843,-0.069500,0,9,0,9
45.63334,bonus-autofire,-3432,0.219497,0.384321,-0.067784,0,9,0,9
45.63334,bonus-autofire,-3458,0.210268,0.769346,-0.069500,0,9,0,9
45.64167,bonus-autofire,-3432,0.217571,0.375061,-0.067756,0,9,0,9
45.64167,bonus-autofire,-3458,0.215724,0.750170,-0.069500,0,9,0,9
45.65000,bonus-autofire,-3432,0.215645,0.365121,-0.067728,0,9,0,9
45.65000,bonus-autofire,-3458,0.211560,0.733986,-0.069473,0,9,0,9
45.65833,bonus-autofire,-3432,0.213720,0.354502,-0.067700,0,9,0,9
45.65833,bonus-autofire,-3458,0.210557,0.729920,-0.069466,0,9,0,9
45.66667,bonus-autofire,-3458,0.221404,0.722967,-0.069439,0,10,0,10
45.67500,bonus-autofire,-3458,0.223051,0.721295,-0.069437,0,10,0,10
45.68333,bonus-autofire,-3458,0.217018,0.719826,-0.069426,0,10,0,10
45.69167,bonus-autofire,-3458,0.214189,0.718817,-0.069421,0,10,0,10
45.70000,bonus-autofire,-3458,0.216287,0.719687,-0.069410,0,10,0,10
45.70833,bonus-autofire,-3458,0.218384,0.719876,-0.069400,0,10,0,10
45.71667,bonus-autofire,-3458,0.220482,0.719383,-0.069389,0,10,0,10
45.72500,bonus-autofire,-3458,0.222579,0.718210,-0.069378,0,10,0,10
45.73333,bonus-autofire,-3458,0.222216,0.716293,-0.069364,0,10,0,10
45.74166,bonus-autofire,-3458,0.222153,0.713683,-0.069350,0,10,0,10
45.75000,bonus-autofire,-3458,0.220969,0.714444,-0.069330,0,10,0,10
45.75834,bonus-autofire,-3458,0.219757,0.714080,-0.069308,0,10,0,10
45.76667,bonus-autofire,-3458,0.218489,0.713098,-0.069285,0,10,0,10
45.77500,bonus-autofire,-3458,0.216901,0.711984,-0.069261,0,10,0,10
45.78333,bonus-autofire,-3458,0.215023,0.710688,-0.069237,0,10,0,10
45.79167,bonus-autofire,-3458,0.212861,0.709201,-0.069213,0,10,0,10
45.80000,bonus-autofire,-3458,0.210415,0.707519,-0.069188,0,10,0,10
45.80833,bonus-autofire,-3458,0.207685,0.705643,-0.069163,0,10,0,10
45.81667,bonus-autofire,-3458,0.204673,0.703572,-0.069138,0,10,0,10
45.82500,bonus-autofire,-3458,0.201378,0.701307,-0.069112,0,10,0,10
45.83333,bonus-autofire,-3458,0.198084,0.698360,-0.069087,0,10,0,10
45.84167,bonus-autofire,-3458,0.194790,0.694733,-0.069061,0,10,0,10
45.85000,bonus-autofire,-3472,-0.232000,0.234000,-0.052000,0,10,0,10
45.85000,bonus-autofire,-3458,0.191496,0.690426,-0.069036,0,10,0,10
45.85833,bonus-autofire,-3472,-0.232000,0.279146,-0.052000,0,10,0,10
45.85833,bonus-autofire,-3458,0.188203,0.685437,-0.069011,0,10,0,10
45.86666,bonus-autofire,-3472,-0.232000,0.323606,-0.052000,0,10,0,10
45.86666,bonus-autofire,-3458,0.189881,0.680141,-0.068985,0,10,0,10
45.87500,bonus-autofire,-3472,-0.232000,0.367379,-0.052000,0,10,0,10
45.87500,bonus-autofire,-3458,0.190216,0.674064,-0.068959,0,10,0,10
45.88334,bonus-autofire,-3472,-0.232000,0.410465,-0.052000,0,10,0,10
45.88334,bonus-autofire,-3458,0.190283,0.667286,-0.068932,0,10,0,10
45.89167,bonus-autofire,-3472,-0.232000,0.452865,-0.052000,0,10,0,10
45.89167,bonus-autofire,-3458,0.191954,0.660405,-0.068906,0,10,0,10
45.90000,bonus-autofire,-3472,-0.232000,0.494578,-0.052000,0,10,0,10
45.90000,bonus-autofire,-3458,0.193625,0.652844,-0.068879,0,10,0,10
45.90833,bonus-autofire,-3472,-0.231482,0.535558,-0.052000,0,10,0,10
45.90833,bonus-autofire,-3458,0.195296,0.644603,-0.068852,0,10,0,10
45.91667,bonus-autofire,-3472,-0.230844,0.575840,-0.052000,0,10,0,10
45.91667,bonus-autofire,-3458,0.196966,0.635681,-0.068825,0,10,0,10
45.92500,bonus-autofire,-3472,-0.225631,0.614407,-0.052000,0,10,0,10
45.92500,bonus-autofire,-3458,0.198636,0.626079,-0.068798,0,10,0,10
45.93333,bonus-autofire,-3472,-0.220418,0.652289,-0.052000,0,10,0,10
45.93333,bonus-autofire,-3458,0.200307,0.615798,-0.068771,0,10,0,10
45.94167,bonus-autofire,-3472,-0.216700,0.678823,-0.052000,0,10,0,10
45.94167,bonus-autofire,-3458,0.201976,0.604836,-0.068745,0,10,0,10
45.95000,bonus-autofire,-3472,-0.218785,0.715333,-0.052000,0,10,0,10
45.95000,bonus-autofire,-3458,0.203646,0.593195,-0.068718,0,10,0,10
45.95833,bonus-autofire,-3472,-0.219450,0.726767,-0.052000,0,10,0,10
45.95833,bonus-autofire,-3458,0.205315,0.580874,-0.068691,0,10,0,10
45.96667,bonus-autofire,-3472,-0.213768,0.735096,-0.052000,0,10,0,10
45.96667,bonus-autofire,-3458,0.206984,0.567873,-0.068664,0,10,0,10
45.97500,bonus-autofire,-3472,-0.215314,0.743733,-0.052000,0,10,0,10
45.97500,bonus-autofire,-3458,0.208653,0.554193,-0.068637,0,10,0,10
45.98333,bonus-autofire,-3472,-0.213700,0.745099,-0.052072,0,10,0,10
45.98333,bonus-autofire,-3458,0.206373,0.540852,-0.068609,0,10,0,10
45.99166,bonus-autofire,-3472,-0.195433,0.759868,-0.052892,0,10,0,10
45.99166,bonus-autofire,-3458,0.204092,0.526832,-0.068581,0,10,0,10
46.00000,bonus-autofire,-3472,-0.177169,0.773954,-0.053712,0,10,0,10
46.00000,bonus-autofire,-3458,0.201812,0.512132,-0.068553,0,10,0,10
46.00834,bonus-autofire,-3472,-0.158907,0.787357,-0.054532,0,10,0,10
46.00834,bonus-autofire,-3458,0.199532,0.496753,-0.068525,0,10,0,10
46.01667,bonus-autofire,-3472,-0.140647,0.800077,-0.055351,0,10,0,10
46.01667,bonus-autofire,-3458,0.197252,0.480695,-0.068497,0,10,0,10
46.02500,bonus-autofire,-3472,-0.122390,0.812114,-0.056170,0,10,0,10
46.02500,bonus-autofire,-3458,0.194973,0.463957,-0.068469,0,10,0,10
46.03333,bonus-autofire,-3472,-0.104135,0.823469,-0.056990,0,10,0,10
46.03333,bonus-autofire,-3458,0.192694,0.446541,-0.068441,0,10,0,10
46.04167,bonus-autofire,-3472,-0.085882,0.834141,-0.057809,0,10,0,10
46.04167,bonus-autofire,-3458,0.190415,0.428445,-0.068413,0,10,0,10
46.05000,bonus-autofire,-3472,-0.067632,0.844131,-0.058628,0,10,0,10
46.05000,bonus-autofire,-3458,0.188849,0.415544,-0.068393,0,10,0,10
46.05833,bonus-autofire,-3472,-0.049384,0.853438,-0.059447,0,10,0,10
46.05833,bonus-autofire,-3458,0.193678,0.421266,-0.068365,0,10,0,10
46.06667,bonus-autofire,-3472,-0.031138,0.862063,-0.060266,0,10,0,10
46.06667,bonus-autofire,-3458,0.198506,0.426306,-0.068337,0,10,0,10
46.07500,bonus-autofire,-3472,-0.012894,0.870006,-0.061085,0,10,0,10
46.07500,bonus-autofire,-3458,0.203333,0.430664,-0.068309,0,10,0,10
46.08333,bonus-autofire,-3472,0.005347,0.877266,-0.061903,0,10,0,10
46.08333,bonus-autofire,-3458,0.208159,0.434340,-0.068281,0,10,0,10
46.09167,bonus-autofire,-3472,0.023587,0.883845,-0.062722,0,10,0,10
46.09167,bonus-autofire,-3458,0.212985,0.437335,-0.068253,0,10,0,10
46.10000,bonus-autofire,-3472,0.041823,0.889741,-0.063540,0,10,0,10
46.10000,bonus-autofire,-3458,0.217811,0.439649,-0.068225,0,10,0,10
46.10833,bonus-autofire,-3472,0.060058,0.894956,-0.064359,0,10,0,10
46.10833,bonus-autofire,-3458,0.222636,0.441281,-0.068197,0,10,0,10
46.11666,bonus-autofire,-3472,0.078290,0.899489,-0.065177,0,10,0,10
46.11666,bonus-autofire,-3458,0.227460,0.442231,-0.068169,0,10,0,10
46.12500,bonus-autofire,-3472,0.096520,0.903340,-0.065995,0,10,0,10
46.12500,bonus-autofire,-3458,0.232284,0.442500,-0.068141,0,10,0,10
46.13334,bonus-autofire,-3472,0.114748,0.906509,-0.066813,0,10,0,10
46.13334,bonus-autofire,-3458,0.237107,0.442088,-0.068113,0,10,0,10
46.14167,bonus-autofire,-3472,0.132973,0.908997,-0.067631,0,10,0,10
46.14167,bonus-autofire,-3458,0.240700,0.441274,-0.068092,0,10,0,10
46.15000,bonus-autofire,-3472,0.151197,0.910803,-0.068449,0,10,0,10
46.15000,bonus-autofire,-3458,0.238771,0.439500,-0.068064,0,10,0,10
46.15833,bonus-autofire,-3472,0.161121,0.911416,-0.068894,0,10,0,10
46.15833,bonus-autofire,-3458,0.236843,0.437045,-0.068036,0,10,0,10
46.16667,bonus-autofire,-3472,0.166595,0.898318,-0.069379,0,10,0,10
46.16667,bonus-autofire,-3458,0.234915,0.433909,-0.068008,0,10,0,10
46.17500,bonus-autofire,-3472,0.172057,0.884568,-0.069476,0,10,0,10
46.17500,bonus-autofire,-3458,0.232987,0.430092,-0.067980,0,10,0,10
46.18333,bonus-autofire,-3472,0.177517,0.870144,-0.069495,0,10,0,10
46.18333,bonus-autofire,-3458,0.231059,0.425595,-0.067952,0,10,0,10
46.19167,bonus-autofire,-3472,0.182977,0.855042,-0.069499,0,10,0,10
46.19167,bonus-autofire,-3458,0.229131,0.420417,-0.067924,0,10,0,10
46.20000,bonus-autofire,-3472,0.188437,0.839261,-0.069500,0,10,0,10
46.20000,bonus-autofire,-3458,0.227204,0.414558,-0.067896,0,10,0,10
46.20833,bonus-autofire,-3472,0.193896,0.822800,-0.069500,0,10,0,10
46.20833,bonus-autofire,-3458,0.225277,0.408019,-0.067868,0,10,0,10
46.21667,bonus-autofire,-3472,0.199354,0.805661,-0.069500,0,10,0,10
46.21667,bonus-autofire,-3458,0.223350,0.400800,-0.067840,0,10,0,10
46.22500,bonus-autofire,-3472,0.204811,0.787843,-0.069500,0,10,0,10
46.22500,bonus-autofire,-3458,0.221424,0.392901,-0.067812,0,10,0,10
46.23333,bonus-autofire,-3472,0.210268,0.769346,-0.069500,0,10,0,10
46.23333,bonus-autofire,-3458,0.219497,0.384321,-0.067784,0,10,0,10
46.24166,bonus-autofire,-3472,0.215724,0.750170,-0.069500,0,10,0,10
46.24166,bonus-autofire,-3458,0.217571,0.375061,-0.067756,0,10,0,10
46.25000,bonus-autofire,-3472,0.211560,0.733986,-0.069473,0,10,0,10
46.25000,bonus-autofire,-3458,0.217158,0.374594,-0.067731,0,10,0,10
46.25834,bonus-autofire,-3472,0.210557,0.729920,-0.069466,0,10,0,10
46.25834,bonus-autofire,-3458,0.216954,0.374529,-0.067708,0,10,0,10
46.26667,bonus-autofire,-3472,0.221404,0.722967,-0.069439,0,10,0,10
46.26667,bonus-autofire,-3458,0.216878,0.374524,-0.067684,0,10,0,10
46.27500,bonus-autofire,-3472,0.223051,0.721295,-0.069437,0,10,0,10
46.27500,bonus-autofire,-3458,0.216913,0.374511,-0.067660,0,10,0,10
46.28333,bonus-autofire,-3472,0.217018,0.719826,-0.069426,0,10,0,10
46.28333,bonus-autofire,-3458,0.217056,0.374478,-0.067637,0,10,0,10
46.29167,bonus-autofire,-3472,0.214189,0.718817,-0.069421,0,10,0,10
46.29167,bonus-autofire,-3458,0.217305,0.374420,-0.067613,0,10,0,10
46.30000,bonus-autofire,-3472,0.216287,0.719687,-0.069410,0,10,0,10
46.30000,bonus-autofire,-3458,0.217661,0.374338,-0.067590,0,10,0,10
46.30833,bonus-autofire,-3472,0.218384,0.719876,-0.069400,0,10,0,10
46.30833,bonus-autofire,-3458,0.218124,0.374231,-0.067566,0,10,0,10
46.31667,bonus-autofire,-3472,0.220482,0.719383,-0.069389,0,10,0,10
46.31667,bonus-autofire,-3458,0.218693,0.374099,-0.067543,0,10,0,10
46.32500,bonus-autofire,-3472,0.222579,0.718210,-0.069378,0,10,0,10
46.32500,bonus-autofire,-3458,0.219369,0.373943,-0.067519,0,10,0,10
46.33333,bonus-autofire,-3472,0.222216,0.716293,-0.069364,0,10,0,10
46.33333,bonus-autofire,-3458,0.220151,0.373763,-0.067496,0,10,0,10
46.34167,bonus-autofire,-3472,0.222153,0.713683,-0.069350,0,10,0,10
46.34167,bonus-autofire,-3458,0.221040,0.373558,-0.067472,0,10,0,10
46.35000,bonus-autofire,-3472,0.220969,0.714444,-0.069330,0,10,0,10
46.35000,bonus-autofire,-3458,0.222029,0.373299,-0.067498,0,10,0,10
46.35833,bonus-autofire,-3472,0.219757,0.714080,-0.069308,0,10,0,10
46.35833,bonus-autofire,-3458,0.223084,0.372755,-0.067623,0,10,0,10
46.36666,bonus-autofire,-3472,0.218489,0.713098,-0.069285,0,10,0,10
46.36666,bonus-autofire,-3458,0.224176,0.371722,-0.067849,0,10,0,10
46.37500,bonus-autofire,-3472,0.216901,0.711984,-0.069261,0,10,0,10
46.37500,bonus-autofire,-3458,0.225268,0.370009,-0.068074,0,10,0,10
46.38334,bonus-autofire,-3472,0.215023,0.710688,-0.069237,0,10,0,10
46.38334,bonus-autofire,-3458,0.226360,0.367614,-0.068300,0,10,0,10
46.39167,bonus-autofire,-3472,0.212861,0.709201,-0.069213,0,10,0,10
46.39167,bonus-autofire,-3458,0.227451,0.364539,-0.068525,0,10,0,10
46.40000,bonus-autofire,-3472,0.210415,0.707519,-0.069188,0,10,0,10
46.40000,bonus-autofire,-3458,0.228542,0.360782,-0.068751,0,10,0,10
46.40833,bonus-autofire,-3472,0.207685,0.705643,-0.069163,0,10,0,10
46.40833,bonus-autofire,-3458,0.229634,0.356346,-0.068976,0,10,0,10
46.41667,bonus-autofire,-3472,0.204673,0.703572,-0.069138,0,10,0,10
46.41667,bonus-autofire,-3458,0.230725,0.351228,-0.069201,0,10,0,10
46.42500,bonus-autofire,-3472,0.201378,0.701307,-0.069112,0,10,0,10
46.42500,bonus-autofire,-3458,0.231816,0.345430,-0.069426,0,10,0,10
46.43333,bonus-autofire,-3472,0.198084,0.698360,-0.069087,0,10,0,10
46.43333,bonus-autofire,-3458,0.232915,0.338966,-0.069485,0,10,0,10
46.44167,bonus-autofire,-3472,0.194790,0.694733,-0.069061,0,10,0,10
46.44167,bonus-autofire,-3458,0.233701,0.333865,-0.069494,0,10,0,10
46.45000,bonus-autofire,-3472,0.191496,0.690426,-0.069036,0,10,0,10
46.45000,bonus-autofire,-3458,0.233204,0.336031,-0.069499,0,10,0,10
46.45000,bonus-autofire,-3498,-0.232000,0.234000,-0.052000,0,10,0,10
46.45833,bonus-autofire,-3472,0.188203,0.685437,-0.069011,0,10,0,10
46.45833,bonus-autofire,-3458,0.232708,0.337515,-0.069500,0,10,0,10
46.45833,bonus-autofire,-3498,-0.232000,0.279146,-0.052000,0,10,0,10
46.46667,bonus-autofire,-3472,0.189881,0.680141,-0.068985,0,10,0,10
46.46667,bonus-autofire,-3458,0.232213,0.338317,-0.069500,0,10,0,10
46.46667,bonus-autofire,-3498,-0.232000,0.323606,-0.052000,0,10,0,10
46.47500,bonus-autofire,-3472,0.190216,0.674064,-0.068959,0,10,0,10
46.47500,bonus-autofire,-3458,0.231717,0.338438,-0.069500,0,10,0,10
46.47500,bonus-autofire,-3498,-0.232000,0.367379,-0.052000,0,10,0,10
46.48333,bonus-autofire,-3472,0.190283,0.667286,-0.068932,0,10,0,10
46.48333,bonus-autofire,-3458,0.231221,0.337878,-0.069500,0,10,0,10
46.48333,bonus-autofire,-3498,-0.232000,0.410465,-0.052000,0,10,0,10
46.49166,bonus-autofire,-3472,0.191954,0.660405,-0.068906,0,10,0,10
46.49166,bonus-autofire,-3458,0.230726,0.336637,-0.069500,0,10,0,10
46.49166,bonus-autofire,-3498,-0.232000,0.452865,-0.052000,0,10,0,10
46.50000,bonus-autofire,-3472,0.193625,0.652844,-0.068879,0,10,0,10
46.50000,bonus-autofire,-3458,0.230230,0.334715,-0.069500,0,10,0,10
46.50000,bonus-autofire,-3498,-0.232000,0.494578,-0.052000,0,10,0,10
46.50834,bonus-autofire,-3472,0.195296,0.644603,-0.068852,0,10,0,10
46.50834,bonus-autofire,-3458,0.229735,0.332112,-0.069500,0,10,0,10
46.50834,bonus-autofire,-3498,-0.231482,0.535558,-0.052000,0,10,0,10
46.51667,bonus-autofire,-3472,0.196966,0.635681,-0.068825,0,10,0,10
46.51667,bonus-autofire,-3458,0.228903,0.332874,-0.069512,0,10,0,10
46.51667,bonus-autofire,-3498,-0.230844,0.575840,-0.052000,0,10,0,10
46.52500,bonus-autofire,-3472,0.198636,0.626079,-0.068798,0,10,0,10
46.52500,bonus-autofire,-3458,0.228078,0.332921,-0.069503,0,10,0,10
46.52500,bonus-autofire,-3498,-0.225631,0.614407,-0.052000,0,10,0,10
46.53333,bonus-autofire,-3472,0.200307,0.615798,-0.068771,0,10,0,10
46.53333,bonus-autofire,-3458,0.227208,0.332817,-0.069501,0,10,0,10
46.53333,bonus-autofire,-3498,-0.220418,0.652289,-0.052000,0,10,0,10
46.54167,bonus-autofire,-3472,0.201976,0.604836,-0.068745,0,10,0,10
46.54167,bonus-autofire,-3458,0.226284,0.332677,-0.069500,0,10,0,10
46.54167,bonus-autofire,-3498,-0.216700,0.678823,-0.052000,0,10,0,10
46.55000,bonus-autofire,-3472,0.203646,0.593195,-0.068718,0,10,0,10
46.55000,bonus-autofire,-3458,0.225304,0.332521,-0.069500,0,10,0,10
46.55000,bonus-autofire,-3498,-0.218785,0.715333,-0.052000,0,10,0,10
46.55833,bonus-autofire,-3472,0.205315,0.580874,-0.068691,0,10,0,10
46.55833,bonus-autofire,-3458,0.224267,0.332356,-0.069500,0,10,0,10
46.55833,bonus-autofire,-3498,-0.219450,0.726767,-0.052000,0,10,0,10
46.56667,bonus-autofire,-3472,0.206984,0.567873,-0.068664,0,10,0,10
46.56667,bonus-autofire,-3458,0.223174,0.332181,-0.069499,0,10,0,10
46.56667,bonus-autofire,-3498,-0.213768,0.735096,-0.052000,0,10,0,10
46.57500,bonus-autofire,-3472,0.208653,0.554193,-0.068637,0,10,0,10
46.57500,bonus-autofire,-3458,0.222025,0.331997,-0.069499,0,10,0,10
46.57500,bonus-autofire,-3498,-0.215314,0.743733,-0.052000,0,10,0,10
46.58333,bonus-autofire,-3472,0.206373,0.540852,-0.068609,0,10,0,10
46.58333,bonus-autofire,-3458,0.220820,0.331804,-0.069499,0,10,0,10
46.58333,bonus-autofire,-3498,-0.213700,0.745099,-0.052072,0,10,0,10
46.59167,bonus-autofire,-3472,0.204092,0.526832,-0.068581,0,10,0,10
46.59167,bonus-autofire,-3458,0.219558,0.331602,-0.069499,0,10,0,10
46.59167,bonus-autofire,-3498,-0.195433,0.759868,-0.052892,0,10,0,10
46.60000,bonus-autofire,-3472,0.201812,0.512132,-0.068553,0,10,0,10
46.60000,bonus-autofire,-3458,0.218240,0.331391,-0.069498,0,10,0,10
46.60000,bonus-autofire,-3498,-0.177169,0.773954,-0.053712,0,10,0,10
46.60833,bonus-autofire,-3472,0.199532,0.496753,-0.068525,0,10,0,10
46.60833,bonus-autofire,-3458,0.216866,0.331171,-0.069498,0,10,0,10
46.60833,bonus-autofire,-3498,-0.158907,0.787357,-0.054532,0,10,0,10
46.61666,bonus-autofire,-3472,0.197252,0.480695,-0.068497,0,10,0,10
46.61666,bonus-autofire,-3458,0.215435,0.330943,-0.069498,0,10,0,10
46.61666,bonus-autofire,-3498,-0.140647,0.800077,-0.055351,0,10,0,10
46.62500,bonus-autofire,-3472,0.194973,0.463957,-0.068469,0,10,0,10
46.62500,bonus-autofire,-3458,0.213948,0.330705,-0.069498,0,10,0,10
46.62500,bonus-autofire,-3498,-0.122390,0.812114,-0.056170,0,10,0,10
46.63334,bonus-autofire,-3472,0.192694,0.446541,-0.068441,0,10,0,10
46.63334,bonus-autofire,-3458,0.212405,0.330458,-0.069497,0,10,0,10
46.63334,bonus-autofire,-3498,-0.104135,0.823469,-0.056990,0,10,0,10
46.64167,bonus-autofire,-3472,0.190415,0.428445,-0.068413,0,10,0,10
46.64167,bonus-autofire,-3458,0.210806,0.330202,-0.069497,0,10,0,10
46.64167,bonus-autofire,-3498,-0.085882,0.834141,-0.057809,0,10,0,10
46.65000,bonus-autofire,-3472,0.188849,0.415544,-0.068393,0,10,0,10
46.65000,bonus-autofire,-3458,0.209146,0.329923,-0.069497,0,10,0,10
46.65000,bonus-autofire,-3498,-0.067632,0.844131,-0.058628,0,10,0,10
46.65833,bonus-autofire,-3472,0.193678,0.421266,-0.068365,0,10,0,10
46.65833,bonus-autofire,-3458,0.207487,0.328964,-0.069497,0,10,0,10
46.65833,bonus-autofire,-3498,-0.049384,0.853438,-0.059447,0,10,0,10
46.66667,bonus-autofire,-3472,0.198506,0.426306,-0.068337,0,10,0,10
46.66667,bonus-autofire,-3458,0.205828,0.327323,-0.069497,0,10,0,10
46.66667,bonus-autofire,-3498,-0.031138,0.862063,-0.060266,0,10,0,10
46.67500,bonus-autofire,-3472,0.203333,0.430664,-0.068309,0,10,0,10
46.67500,bonus-autofire,-3458,0.204169,0.325001,-0.069497,0,10,0,10
46.67500,bonus-autofire,-3498,-0.012894,0.870006,-0.061085,0,10,0,10
46.68333,bonus-autofire,-3472,0.208159,0.434340,-0.068281,0,10,0,10
46.68333,bonus-autofire,-3458,0.202510,0.321999,-0.069496,0,10,0,10
46.68333,bonus-autofire,-3498,0.005347,0.877266,-0.061903,0,10,0,10
46.69167,bonus-autofire,-3472,0.212985,0.437335,-0.068253,0,10,0,10
46.69167,bonus-autofire,-3458,0.200852,0.318316,-0.069496,0,10,0,10
46.69167,bonus-autofire,-3498,0.023587,0.883845,-0.062722,0,10,0,10
46.70000,bonus-autofire,-3472,0.217811,0.439649,-0.068225,0,10,0,10
46.70000,bonus-autofire,-3458,0.199193,0.313952,-0.069496,0,10,0,10
46.70000,bonus-autofire,-3498,0.041823,0.889741,-0.063540,0,10,0,10
